Serial Number,Category,Site No,CSN View,ASR Name,ASR EMail,SAM Name,Modem,Site Name,City,State,Installed,Install Status,Contract Line Start,Contract Line End,Entitlement Status,Last Connect Home Date,Model,TLA Part Number,District,Country,SYR Derived Code,SYR Derived Source,Install Base Code,Target Microcode,CE Email,Theater,Division,Region
1328F3CB,Avamar,15598359,15598454,JOE CE,joe.ce@emc.com,,,CUSTOMER TWO,CALGARY,,5/10/2012 10:59,Install,,,,,456-100-309,900-580-003,58230 AM CS District,Canada,,InstallBase,,,joe.ce@emc.com,Americas CS Theater,Northeast/Canada CS Division,51000 CS Region
1329F3CB,Avamar,15598359,15598454,JOE CE,joe.ce@emc.com,,,CUSTOMER TWO,CALGARY,,10/24/2012 19:12,Install,,,,,456-100-309,900-580-003,58230 AM CS District,Canada,,InstallBase,,,joe.ce@emc.com,Americas CS Theater,Northeast/Canada CS Division,51000 CS Region
14800686,Avamar,15598359,15598454,JOE CE,joe.ce@emc.com,,,CUSTOMER TWO,CALGARY,,11/25/2014 9:21,Install,,,,,456-100-309,900-580-003,58230 AM CS District,Canada,7.1.0-370 SLES,InstallBase,7.1.0-370 SLES,,joe.ce@emc.com,Americas CS Theater,Northeast/Canada CS Division,51000 CS Region
FL400003,Data Domain,15598359,15598454,JOE CE,joe.ce@emc.com,,,CUSTOMER TWO,CALGARY,,6/11/2014 0:00,Install,12/23/2014,12/22/2017,Entitled,,DD2500-36TB-B,P-DD2500-36TB,58230 AM CS District,Canada,5.2.6.0,InstallBase,5.2.6.0,,joe.ce@emc.com,Americas CS Theater,Northeast/Canada CS Division,51000 CS Region
NN210263,Avamar,15598359,15598454,JOE CE,joe.ce@emc.com,,,CUSTOMER TWO,CALGARY,,8/26/2011 0:00,Install,11/24/2011,5/2/2013,Not Entitled,,AVM1NSTG7FG4,100-580-617,58230 AM CS District,Canada,6.0.0-592,InstallBase,6.0.0-592,,joe.ce@emc.com,Americas CS Theater,Northeast/Canada CS Division,51000 CS Region
FL200031,Data Domain,29430812,29430907,JOE CE,,,,CUSTOMER TWO,STORD,,5/28/2014 11:20,Install,,,,,DD2500-36TB,P-DD2500-36TB,30310 AM CS District,Norway,5.2.6.0,InstallBase,5.2.6.0,,,EMEA CS Theater,30000 CS Region,Nordics CS Area
13600561,Avamar,15598370,15598465,JOE CE,joe.ce@emc.com,,,CUSTOMER TWO,TORONTO,,10/24/2012 19:15,Install,,,,,456-100-309,900-580-003,58220 AM CS District,Canada,,InstallBase,,,joe.ce@emc.com,Americas CS Theater,Northeast/Canada CS Division,51000 CS Region
14A115F4,Avamar,15598370,15598465,JOE CE,joe.ce@emc.com,,,CUSTOMER TWO,TORONTO,,11/29/2014 9:27,Install,,,,,456-100-309,900-580-003,58220 AM CS District,Canada,7.1.0-370 SLES,InstallBase,7.1.0-370 SLES,,joe.ce@emc.com,Americas CS Theater,Northeast/Canada CS Division,51000 CS Region
FL300285,Data Domain,15598370,15598465,JOE CE,joe.ce@emc.com,,,CUSTOMER TWO,TORONTO,,6/9/2014 0:00,Install,12/23/2014,12/22/2017,Entitled,,DD2500-36TB-B,P-DD2500-36TB,58220 AM CS District,Canada,5.2.6.0,InstallBase,5.2.6.0,,joe.ce@emc.com,Americas CS Theater,Northeast/Canada CS Division,51000 CS Region
NN210271,Avamar,15598370,15598465,JOE CE,joe.ce@emc.com,,,CUSTOMER TWO,TORONTO,,11/8/2012 17:00,Install,11/24/2011,5/2/2013,Not Entitled,,AVM1NSTG7FG4,100-580-617,58220 AM CS District,Canada,6.0.1.65,InstallBase,6.0.1.65,,joe.ce@emc.com,Americas CS Theater,Northeast/Canada CS Division,51000 CS Region
AP601705,CLARiiON,14283782,14283877,,,,,CUSTOMER TWO,CALERA,AL,9/4/2014 0:00,Install,2/1/2014,4/1/2015,Entitled,,CX4-120C,900-566-008,53511 AM CS District,United States,04.30.000.5.526,InstallBase,04.30.000.5.526,,,Americas CS Theater,Mid-Atlantic CS Division,68000 CS Region
9F339854,Data Domain,4396672,4396767,JOE CE,joe.ce@emc.com,,,CUSTOMER TWO,CALERA,AL,1/11/2010 0:00,Install,7/1/2014,6/30/2015,Entitled,,DD610-3500G,P-DD610-3500G,53511 AM CS District,United States,5.2.6.0,InstallBase,5.2.6.0,,joe.ce@emc.com,Americas CS Theater,Mid-Atlantic CS Division,68000 CS Region
0F524770,Data Domain,12218283,12218378,JOE CE,joe.ce@emc.com,,,CUSTOMER TWO,GENEVA,AL,9/3/2014 11:12,Install,7/1/2014,6/30/2015,Entitled,,DD610-3500G,P-X-1406-CHAS1,53511 AM CS District,United States,5.2.6.0,InstallBase,5.2.6.0,,joe.ce@emc.com,Americas CS Theater,Mid-Atlantic CS Division,68000 CS Region
AP901570,VNX,12218283,12218378,JOE CE,joe.ce@emc.com,,,CUSTOMER TWO,GENEVA,AL,9/8/2012 0:00,Install,8/8/2012,9/6/2015,Entitled,,VNX51D156015F,900-567-007,53511 AM CS District,United States,05.32.000.5.209,InstallBase,05.32.000.5.209,,joe.ce@emc.com,Americas CS Theater,Mid-Atlantic CS Division,68000 CS Region
9F345525,Data Domain,12213639,12213734,JOE CE,joe.ce@emc.com,,,CUSTOMER TWO,LITTLE ROCK,AR,1/8/2010 0:00,Install,7/1/2014,6/30/2015,Entitled,,DD610-3500G,P-DD610-3500G,53520 AM CS District,United States,5.2.6.0,InstallBase,5.2.6.0,,joe.ce@emc.com,Americas CS Theater,Mid-Atlantic CS Division,68000 CS Region
3F318155,Data Domain,4304012,4304107,JOE CE,joe.ce@emc.com,,,CUSTOMER TWO,TOLLESON,AZ,8/14/2014 7:20,Install,7/1/2014,6/30/2015,Entitled,,DD610-3500G,P-X-1406-CHAS1,52510 AM CS District,United States,5.2.6.0,InstallBase,5.2.6.0,,joe.ce@emc.com,Americas CS Theater,West CS Division,58000 CS Region
FL000050,Data Domain,4304012,4304107,JOE CE,joe.ce@emc.com,,,CUSTOMER TWO,TOLLESON,AZ,9/30/2014 0:00,Install,10/8/2014,10/7/2017,Entitled,,DD2500-36TB,P-DD2500-36TB,52510 AM CS District,United States,,InstallBase,,,joe.ce@emc.com,Americas CS Theater,West CS Division,58000 CS Region
3F329080,Data Domain,12219457,12219552,,joe.ce@emc.com,,,CUSTOMER TWO,FREMONT,CA,9/29/2014 23:39,Install,7/1/2014,6/30/2015,Entitled,,DD610-6TB,P-X-1406-CHAS1,52517 AM CS District,United States,5.2.6.0,InstallBase,5.2.6.0,,joe.ce@emc.com,Americas CS Theater,West CS Division,57000 CS Region
AP700361,CLARiiON,12219457,12219552,,joe.ce@emc.com,,,CUSTOMER TWO,FREMONT,CA,9/4/2014 0:00,Install,2/1/2014,4/1/2015,Entitled,,CX4-120C,900-566-008,52517 AM CS District,United States,04.30.000.5.526,InstallBase,04.30.000.5.526,,joe.ce@emc.com,Americas CS Theater,West CS Division,57000 CS Region
2F342041,Data Domain,12214057,12214152,JOE CE,joe.ce@emc.com,,,CUSTOMER TWO,MODESTO,CA,12/23/2013 11:24,Install,7/1/2014,6/30/2015,Entitled,,DD610-3500G,P-DD610-3500G,52517 AM CS District,United States,5.2.6.0,InstallBase,5.2.6.0,,joe.ce@emc.com,Americas CS Theater,West CS Division,57000 CS Region
0F344516,Data Domain,10433197,10433292,JOE CE,joe.ce@emc.com,,,CUSTOMER TWO,OXNARD,CA,1/8/2010 0:00,Install,7/1/2014,6/30/2015,Entitled,,DD610-3500G,P-X-1406-CHAS1,52515 AM CS District,United States,5.2.6.0,InstallBase,5.2.6.0,,joe.ce@emc.com,Americas CS Theater,West CS Division,58000 CS Region
AP702072,VNX,10433197,10433292,JOE CE,joe.ce@emc.com,,,CUSTOMER TWO,OXNARD,CA,12/26/2012 12:00,Install,9/27/2012,10/26/2015,Entitled,,VNX51D156015F,900-567-007,52515 AM CS District,United States,05.32.000.5.209,InstallBase,05.32.000.5.209,,joe.ce@emc.com,Americas CS Theater,West CS Division,58000 CS Region
3F321221,Data Domain,12213696,12213791,JOE CE,joe.ce@emc.com,,,CUSTOMER TWO,PLEASANT GROVE,CA,6/11/2013 0:00,Install,7/1/2014,6/30/2015,Entitled,,DD610-3500G,P-DD610-3500G,52519 AM CS District,United States,5.2.1.0,InstallBase,5.2.1.0,,joe.ce@emc.com,Americas CS Theater,West CS Division,57000 CS Region
AP700088,VNX,12213696,12213791,JOE CE,joe.ce@emc.com,,,CUSTOMER TWO,PLEASANT GROVE,CA,5/31/2012 12:00,Install,5/31/2012,5/30/2015,Entitled,,VNX51D156015F,900-567-007,52519 AM CS District,United States,05.32.000.5.209,InstallBase,05.32.000.5.209,,joe.ce@emc.com,Americas CS Theater,West CS Division,57000 CS Region
AP704521,VNX,3934907,3935002,JOE CE,joe.ce@emc.com,,,CUSTOMER TWO,POWAY,CA,12/29/2012 12:00,Install,9/30/2012,10/30/2015,Entitled,,VNX51D156015F,900-567-007,52513 AM CS District,United States,05.32.000.5.209,InstallBase,05.32.000.5.209,,joe.ce@emc.com,Americas CS Theater,West CS Division,58000 CS Region
9F349197,Data Domain,4333843,4333938,JOE CE,joe.ce@emc.com,,,CUSTOMER TWO,POWAY,CA,1/8/2010 0:00,Install,7/1/2014,6/30/2015,Entitled,,DD610-3500G,P-DD610-3500G,52513 AM CS District,United States,5.2.6.0,InstallBase,5.2.6.0,,joe.ce@emc.com,Americas CS Theater,West CS Division,58000 CS Region
AP319539,VNX,25932168,25932263,JOE CE,joe.ce@emc.com,,,CUSTOMER TWO,RIVERSIDE,CA,3/15/2013 0:00,Install,2/15/2013,3/15/2016,Entitled,,VNX51D156015F,900-567-007,52515 AM CS District,United States,05.32.000.5.209,InstallBase,05.32.000.5.209,,joe.ce@emc.com,Americas CS Theater,West CS Division,58000 CS Region
9F349190,Data Domain,64244,64339,JOE CE,joe.ce@emc.com,,,CUSTOMER TWO,WALNUT,CA,1/8/2010 0:00,Install,7/1/2014,6/30/2015,Entitled,,DD610-6TB,P-DD610-6TB,52515 AM CS District,United States,5.2.6.0,InstallBase,5.2.6.0,,joe.ce@emc.com,Americas CS Theater,West CS Division,58000 CS Region
2F730037,Data Domain,15483568,15483663,JOE CE,joe.ce@emc.com,,,CUSTOMER TWO,BOULDER,CO,9/18/2014 10:54,Install,6/24/2014,6/23/2018,Entitled,,DD990-CTL-B,P-X-990-CHASS,52323 AM CS District,United States,5.4.2.0,InstallBase,5.4.2.0,,joe.ce@emc.com,Americas CS Theater,West CS Division,55000 CS Region
AP301214,VNX,15483568,15483663,JOE CE,joe.ce@emc.com,,,CUSTOMER TWO,BOULDER,CO,9/6/2012 1:00,Install,8/27/2012,9/26/2015,Entitled,,VNX53D-HANA-B,900-567-002,52323 AM CS District,United States,05.32.000.5.209,InstallBase,05.32.000.5.209,,joe.ce@emc.com,Americas CS Theater,West CS Division,55000 CS Region
FC000020,Isilon,15483568,15483663,JOE CE,joe.ce@emc.com,,,CUSTOMER TWO,BOULDER,CO,8/11/2014 0:00,Install,5/13/2014,9/12/2014,Not Entitled,,A100-BACKUP,100-575-000-01,52323 AM CS District,United States,CUSTOMER INSTALLABLE,InstallBase,CUSTOMER INSTALLABLE,,joe.ce@emc.com,Americas CS Theater,West CS Division,55000 CS Region
MTX04111,Isilon,15483568,15483663,JOE CE,joe.ce@emc.com,,,CUSTOMER TWO,BOULDER,CO,4/6/2012 0:00,Install,1/12/2013,4/6/2015,Entitled,,851-0179,851-0179-01,52323 AM CS District,United States,,InstallBase,,,joe.ce@emc.com,Americas CS Theater,West CS Division,55000 CS Region
MTX03647,Isilon,15483568,15483663,JOE CE,joe.ce@emc.com,,,CUSTOMER TWO,BOULDER,CO,4/6/2012 0:00,Install,1/12/2013,4/6/2015,Entitled,,851-0179,851-0179-01,52323 AM CS District,United States,,InstallBase,,,joe.ce@emc.com,Americas CS Theater,West CS Division,55000 CS Region
NN110060,RecoverPoint,15483568,15483663,JOE CE,joe.ce@emc.com,,,CUSTOMER TWO,BOULDER,CO,11/25/2012 12:00,Install,8/27/2012,9/26/2015,Entitled,,VNX-RPHW-G4U,100-562-779,52323 AM CS District,United States,3.5 SP1 P2,InstallBase,3.5 SP1 P2,,joe.ce@emc.com,Americas CS Theater,West CS Division,55000 CS Region
NN310286,RecoverPoint,15483568,15483663,JOE CE,joe.ce@emc.com,,,CUSTOMER TWO,BOULDER,CO,11/25/2012 12:00,Install,,,,,VNX-RPHW-G4U,100-562-779,52323 AM CS District,United States,3.5 SP1 P2,InstallBase,3.5 SP1 P2,,joe.ce@emc.com,Americas CS Theater,West CS Division,55000 CS Region
SX4-0013,Isilon,15483568,15483663,JOE CE,joe.ce@emc.com,,,CUSTOMER TWO,BOULDER,CO,4/6/2012 0:00,Install,1/12/2013,4/6/2015,Entitled,,X200-SATA-S67,610-0001-02,52323 AM CS District,United States,6.5.5.18,InstallBase,6.5.5.18,,joe.ce@emc.com,Americas CS Theater,West CS Division,55000 CS Region
SX4-0014,Isilon,15483568,15483663,JOE CE,joe.ce@emc.com,,,CUSTOMER TWO,BOULDER,CO,4/6/2012 0:00,Install,1/12/2013,4/6/2015,Entitled,,X200-SATA-S67,610-0001-02,52323 AM CS District,United States,,InstallBase,,,joe.ce@emc.com,Americas CS Theater,West CS Division,55000 CS Region
SX4-0015,Isilon,15483568,15483663,JOE CE,joe.ce@emc.com,,,CUSTOMER TWO,BOULDER,CO,4/6/2012 0:00,Install,1/12/2013,4/6/2015,Entitled,,X200-SATA-S67,610-0001-02,52323 AM CS District,United States,6.5.5.18,InstallBase,6.5.5.18,,joe.ce@emc.com,Americas CS Theater,West CS Division,55000 CS Region
SX4-0016,Isilon,15483568,15483663,JOE CE,joe.ce@emc.com,,,CUSTOMER TWO,BOULDER,CO,4/6/2012 0:00,Install,1/12/2013,4/6/2015,Entitled,,X200-SATA-S67,610-0001-02,52323 AM CS District,United States,7.0.2.9,InstallBase,7.0.2.9,,joe.ce@emc.com,Americas CS Theater,West CS Division,55000 CS Region
SX4-0017,Isilon,15483568,15483663,JOE CE,joe.ce@emc.com,,,CUSTOMER TWO,BOULDER,CO,4/6/2012 0:00,Install,1/12/2013,4/6/2015,Entitled,,X200-SATA-S67,610-0001-02,52323 AM CS District,United States,,InstallBase,,,joe.ce@emc.com,Americas CS Theater,West CS Division,55000 CS Region
0F337725,Data Domain,10071982,10072077,JOE CE,joe.ce@emc.com,,,CUSTOMER TWO,DENVER,CO,9/25/2014 12:16,Install,7/1/2014,6/30/2015,Entitled,,DD610-6TB,P-X-1406-CHAS1,52323 AM CS District,United States,5.2.6.0,InstallBase,5.2.6.0,,joe.ce@emc.com,Americas CS Theater,West CS Division,55000 CS Region
3F335182,Data Domain,5085190,5085285,,,,,CUSTOMER TWO,ROCKY HILL,CT,12/3/2014 17:48,Install,,,,,,P-X-1406-CHAS1,52725 AM CS District,United States,,InstallBase,,,,Americas CS Theater,Northeast/Canada CS Division,54000 CS Region
AP916341,VNX,12214041,12214136,JOE CE,joe.ce@emc.com,,,CUSTOMER TWO,ALACHUA,FL,4/8/2013 0:00,Install,1/8/2013,2/6/2016,Entitled,,VNX51D156015F,900-567-007,53515 AM CS District,United States,05.32.000.5.209,InstallBase,05.32.000.5.209,,joe.ce@emc.com,Americas CS Theater,Mid-Atlantic CS Division,68000 CS Region
9F347826,Data Domain,13333817,13333912,JOE CE,joe.ce@emc.com,,,CUSTOMER TWO,ALACHUA,FL,1/11/2010 0:00,Install,7/1/2014,6/30/2015,Entitled,,DD610-3500G,P-DD610-3500G,53515 AM CS District,United States,5.2.6.0,InstallBase,5.2.6.0,,joe.ce@emc.com,Americas CS Theater,Mid-Atlantic CS Division,68000 CS Region
AP900828,VNX,1930456,1930551,JOE CE,joe.ce@emc.com,,,CUSTOMER TWO,JACKSONVILLE,FL,12/28/2012 12:00,Install,9/29/2012,10/28/2015,Entitled,,VNX51D156015F,900-567-007,53515 AM CS District,United States,05.32.000.5.215,InstallBase,05.32.000.5.215,,joe.ce@emc.com,Americas CS Theater,Mid-Atlantic CS Division,68000 CS Region
9F350573,Data Domain,4920977,4921072,JOE CE,joe.ce@emc.com,,,CUSTOMER TWO,JACKSONVILLE,FL,1/8/2010 0:00,Install,7/1/2014,6/30/2015,Entitled,,DD610-3500G,P-DD610-3500G,53515 AM CS District,United States,5.2.6.0,InstallBase,5.2.6.0,,joe.ce@emc.com,Americas CS Theater,Mid-Atlantic CS Division,68000 CS Region
AP900820,VNX,13059977,13060072,JOE CE,joe.ce@emc.com,,,CUSTOMER TWO,MEDLEY,FL,10/29/2012 6:00,Install,9/29/2012,10/28/2015,Entitled,,VNX51D156015F,900-567-007,53517 AM CS District,United States,05.32.000.5.216,InstallBase,05.32.000.5.216,,joe.ce@emc.com,Americas CS Theater,Mid-Atlantic CS Division,68000 CS Region
9F345500,Data Domain,13317305,13317400,JOE CE,joe.ce@emc.com,,,CUSTOMER TWO,MEDLEY,FL,1/8/2010 0:00,Install,7/1/2014,6/30/2015,Entitled,,DD610-3500G,P-DD610-3500G,53517 AM CS District,United States,5.2.6.0,InstallBase,5.2.6.0,,joe.ce@emc.com,Americas CS Theater,Mid-Atlantic CS Division,68000 CS Region
1F316403,Data Domain,12212469,12212564,JOE CE,joe.ce@emc.com,,,CUSTOMER TWO,OCOEE,FL,8/13/2014 7:29,Install,7/1/2014,6/30/2015,Entitled,,DD610-3500G,P-X-1406-CHAS1,53515 AM CS District,United States,5.2.6.0,InstallBase,5.2.6.0,,joe.ce@emc.com,Americas CS Theater,Mid-Atlantic CS Division,68000 CS Region
AP000084,VNX,12212469,12212564,JOE CE,joe.ce@emc.com,,,CUSTOMER TWO,OCOEE,FL,8/31/2012 12:00,Install,8/6/2012,9/4/2015,Entitled,,VNX51D156015F,900-567-007,53515 AM CS District,United States,05.32.000.5.209,InstallBase,05.32.000.5.209,,joe.ce@emc.com,Americas CS Theater,Mid-Atlantic CS Division,68000 CS Region
9F350324,Data Domain,64844,64939,JOE CE,joe.ce@emc.com,,,CUSTOMER TWO,PALMETTO,FL,1/12/2010 0:00,Install,7/1/2014,6/30/2015,Entitled,,DD610-6TB,P-DD610-6TB,53517 AM CS District,United States,5.2.6.0,InstallBase,5.2.6.0,,joe.ce@emc.com,Americas CS Theater,Mid-Atlantic CS Division,68000 CS Region
AP702073,VNX,64844,64939,JOE CE,joe.ce@emc.com,,,CUSTOMER TWO,PALMETTO,FL,12/28/2012 12:00,Install,9/29/2012,10/28/2015,Entitled,,VNX51D156015F,900-567-007,53517 AM CS District,United States,05.32.000.5.215,InstallBase,05.32.000.5.215,,joe.ce@emc.com,Americas CS Theater,Mid-Atlantic CS Division,68000 CS Region
9F346728,Data Domain,4451846,4451941,JOE CE,joe.ce@emc.com,,,CUSTOMER TWO,RIVIERA BEACH,FL,1/8/2010 0:00,Install,7/1/2014,6/30/2015,Entitled,,DD610-3500G,P-DD610-3500G,53517 AM CS District,United States,5.4.0.8,InstallBase,5.4.0.8,,joe.ce@emc.com,Americas CS Theater,Mid-Atlantic CS Division,68000 CS Region
AP104181,VNX,4451846,4451941,JOE CE,joe.ce@emc.com,,,CUSTOMER TWO,RIVIERA BEACH,FL,12/8/2011 0:00,Install,12/8/2014,4/1/2015,Entitled,,VNX51D156015F,900-567-007,53517 AM CS District,United States,05.32.000.5.216,InstallBase,05.32.000.5.216,,joe.ce@emc.com,Americas CS Theater,Mid-Atlantic CS Division,68000 CS Region
AP002618,CLARiiON,7844990,7845085,,,,,CUSTOMER TWO,COLLEGE PARK,GA,7/29/2008 0:00,Install - T&M,,,,,CX3-10C-DE,100-561-487,53513 AM CS District,United States,03.26.010.5.032,InstallBase,03.26.010.5.032,,,Americas CS Theater,Mid-Atlantic CS Division,64000 CS Region
9F349187,Data Domain,12219405,12219500,JOE CE,joe.ce@emc.com,,,CUSTOMER TWO,COLLEGE PARK,GA,1/8/2010 0:00,Install,7/1/2014,6/30/2015,Entitled,,DD610-6TB,P-DD610-6TB,53513 AM CS District,United States,5.2.6.0,InstallBase,5.2.6.0,,joe.ce@emc.com,Americas CS Theater,Mid-Atlantic CS Division,64000 CS Region
3F334053,Data Domain,11290426,11290521,JOE CE,joe.ce@emc.com,,,CUSTOMER TWO,ANKENY,IA,9/5/2014 10:19,Install,7/1/2014,6/30/2015,Entitled,,DD610-3500G,P-X-1406-CHAS1,52223 AM CS District,United States,5.2.6.0,InstallBase,5.2.6.0,,joe.ce@emc.com,Americas CS Theater,Midwest CS Division,59000 CS Region
AP800457,CLARiiON,11290426,11290521,JOE CE,joe.ce@emc.com,,,CUSTOMER TWO,ANKENY,IA,9/4/2014 0:00,Install,2/1/2014,4/1/2015,Entitled,,CX4-120C,900-566-008,52223 AM CS District,United States,04.30.000.5.526,InstallBase,04.30.000.5.526,,joe.ce@emc.com,Americas CS Theater,Midwest CS Division,59000 CS Region
0F342171,Data Domain,4269858,4269953,JOE CE,joe.ce@emc.com,,,CUSTOMER TWO,BOISE,ID,9/10/2014 15:35,Install,7/1/2014,6/30/2015,Entitled,,DD610-3500G,P-X-1406-CHAS1,52314 AM CS District,United States,5.2.6.0,InstallBase,5.2.6.0,,joe.ce@emc.com,Americas CS Theater,West CS Division,55000 CS Region
FL000036,Data Domain,4269858,4269953,JOE CE,joe.ce@emc.com,,,CUSTOMER TWO,BOISE,ID,9/29/2014 0:00,Install,10/8/2014,10/7/2017,Entitled,,DD2500-36TB,P-DD2500-36TB,52314 AM CS District,United States,,InstallBase,,,joe.ce@emc.com,Americas CS Theater,West CS Division,55000 CS Region
AP900817,VNX,95447,95542,JOE CE,joe.ce@emc.com,,,CUSTOMER TWO,BOISE,ID,10/30/2012 0:00,Install,9/30/2012,10/30/2015,Entitled,,VNX51D156015F,900-567-007,52314 AM CS District,United States,05.32.000.5.215,InstallBase,05.32.000.5.215,,joe.ce@emc.com,Americas CS Theater,West CS Division,55000 CS Region
3F308148,Data Domain,12212497,12212592,JOE CE,joe.ce@emc.com,,,CUSTOMER TWO,POST FALLS,ID,7/14/2014 7:44,Install,7/1/2014,6/30/2015,Entitled,,DD610-3500G,P-X-1406-CHAS1,52319 AM CS District,United States,5.2.1.5,InstallBase,5.2.1.5,,joe.ce@emc.com,Americas CS Theater,West CS Division,55000 CS Region
AP900815,VNX,12212497,12212592,JOE CE,joe.ce@emc.com,,,CUSTOMER TWO,POST FALLS,ID,12/29/2012 12:00,Install,9/30/2012,10/30/2015,Entitled,,VNX51D156015F,900-567-007,52319 AM CS District,United States,05.32.000.5.209,InstallBase,05.32.000.5.209,,joe.ce@emc.com,Americas CS Theater,West CS Division,55000 CS Region
0F350614,Data Domain,66997,67092,JOE CE,joe.ce@emc.com,,,CUSTOMER TWO,DES PLAINES,IL,11/26/2012 13:42,Install,7/1/2014,6/30/2015,Not Entitled,,,P-DD610-6TB,52119 AM CS District,United States,5.2.6.0,InstallBase,5.2.6.0,,joe.ce@emc.com,Americas CS Theater,Midwest CS Division,53000 CS Region
1F338003,Data Domain,66997,67092,JOE CE,joe.ce@emc.com,,,CUSTOMER TWO,DES PLAINES,IL,11/13/2014 11:42,Install,7/1/2014,6/30/2015,Entitled,,DD610-6TB,P-X-1406-CHAS1,52119 AM CS District,United States,5.2.6.0,InstallBase,5.2.6.0,,joe.ce@emc.com,Americas CS Theater,Midwest CS Division,53000 CS Region
AP902200,VNX,66997,67092,JOE CE,joe.ce@emc.com,,,CUSTOMER TWO,DES PLAINES,IL,3/18/2012 1:00,Install,3/18/2012,3/17/2015,Entitled,,VNX51D156015F,900-567-007,52119 AM CS District,United States,05.32.000.5.215,InstallBase,05.32.000.5.215,,joe.ce@emc.com,Americas CS Theater,Midwest CS Division,53000 CS Region
9F350348,Data Domain,12214045,12214140,JOE CE,joe.ce@emc.com,,,CUSTOMER TWO,LINCOLN,IL,1/11/2010 0:00,Install,7/1/2014,6/30/2015,Entitled,,DD610-3500G,P-DD610-3500G,52130 AM CS District,United States,5.2.6.0,InstallBase,5.2.6.0,,joe.ce@emc.com,Americas CS Theater,Midwest CS Division,53000 CS Region
AP900818,VNX,12214045,12214140,JOE CE,joe.ce@emc.com,,,CUSTOMER TWO,LINCOLN,IL,12/28/2012 12:00,Install,9/29/2012,10/28/2015,Entitled,,VNX51D156015F,900-567-007,52130 AM CS District,United States,05.32.000.5.215,InstallBase,05.32.000.5.215,,joe.ce@emc.com,Americas CS Theater,Midwest CS Division,53000 CS Region
9F343259,Data Domain,12214007,12214102,JOE CE,joe.ce@emc.com,,,CUSTOMER TWO,INDIANAPOLIS,IN,1/8/2010 0:00,Install,7/1/2014,6/30/2015,Entitled,,DD610-3500G,P-DD610-3500G,52125 AM CS District,United States,5.2.6.0,InstallBase,5.2.6.0,,joe.ce@emc.com,Americas CS Theater,Midwest CS Division,65000 CS Region
AP903953,VNX,12214007,12214102,JOE CE,joe.ce@emc.com,,,CUSTOMER TWO,INDIANAPOLIS,IN,11/7/2011 9:00,Install,11/7/2014,4/1/2015,Entitled,,VNX51D156015F,900-567-007,52125 AM CS District,United States,05.32.000.5.215,InstallBase,05.32.000.5.215,,joe.ce@emc.com,Americas CS Theater,Midwest CS Division,65000 CS Region
9F350576,Data Domain,12214009,12214104,JOE CE,joe.ce@emc.com,,,CUSTOMER TWO,OLATHE,KS,1/8/2010 0:00,Install,7/1/2014,6/30/2015,Entitled,,DD610-3500G,P-DD610-3500G,52113 AM CS District,United States,5.2.6.0,InstallBase,5.2.6.0,,joe.ce@emc.com,Americas CS Theater,Midwest CS Division,59000 CS Region
AP900829,VNX,12214009,12214104,JOE CE,joe.ce@emc.com,,,CUSTOMER TWO,OLATHE,KS,12/28/2012 12:00,Install,9/29/2012,10/28/2015,Entitled,,VNX51D156015F,900-567-007,52113 AM CS District,United States,05.32.000.5.209,InstallBase,05.32.000.5.209,,joe.ce@emc.com,Americas CS Theater,Midwest CS Division,59000 CS Region
2001810,ESRS,2064598,2064693,JOE CE,joe.ce@emc.com,,,CUSTOMER TWO,LEXINGTON,KY,11/12/2009 10:45,Install,,,,,ESRS GW 100,953-001-994,53217 AM CS District,United States,,InstallBase,,,joe.ce@emc.com,Americas CS Theater,Midwest CS Division,56000 CS Region
4005731,ESRS,2064598,2064693,JOE CE,joe.ce@emc.com,,,CUSTOMER TWO,LEXINGTON,KY,8/17/2012 0:00,Install,,,,,ESRS-GW-200,953-002-303,53217 AM CS District,United States,,InstallBase,,,joe.ce@emc.com,Americas CS Theater,Midwest CS Division,56000 CS Region
4008253,ESRS,2064598,2064693,JOE CE,joe.ce@emc.com,,,CUSTOMER TWO,LEXINGTON,KY,10/22/2012 0:00,Install,,,,,ESRS-GW-200,953-002-303,53217 AM CS District,United States,,InstallBase,,,joe.ce@emc.com,Americas CS Theater,Midwest CS Division,56000 CS Region
HK605364,Symmetrix,2064598,2064693,JOE CE,joe.ce@emc.com,,,CUSTOMER TWO,LEXINGTON,KY,1/15/2013 12:00,Install,8/17/2012,9/15/2015,Entitled,1/28/2015 14:15,SB-3D,900-886-010,53217 AM CS District,United States,5876.268.174,PROC,5876.268.174,5876.268.174,joe.ce@emc.com,Americas CS Theater,Midwest CS Division,56000 CS Region
5002707,RecoverPoint,17204298,17204393,,,,,CUSTOMER TWO,LEXINGTON,KY,8/29/2012 0:00,Install,8/29/2012,8/28/2015,Entitled,,RPS-V53,100S-001829,53217 AM CS District,United States,,InstallBase,,,,Americas CS Theater,Midwest CS Division,56000 CS Region
AP301212,VNX,17204298,17204393,,,,,CUSTOMER TWO,LEXINGTON,KY,8/28/2012 1:00,Install,8/29/2012,9/27/2015,Entitled,,VNX53D-HANA-B,900-567-002,53217 AM CS District,United States,05.32.000.5.209,InstallBase,05.32.000.5.209,,,Americas CS Theater,Midwest CS Division,56000 CS Region
AP627333,VNX,17204298,17204393,,,,,CUSTOMER TWO,LEXINGTON,KY,11/14/2013 12:00,Install,12/12/2012,1/10/2016,Entitled,,VNX53D-HANA-B,900-567-002,53217 AM CS District,United States,05.32.000.5.209,InstallBase,05.32.000.5.209,,,Americas CS Theater,Midwest CS Division,56000 CS Region
NN110058,RecoverPoint,17204298,17204393,,,,,CUSTOMER TWO,LEXINGTON,KY,11/25/2012 12:00,Install,,,,,VNX-RPHW-G4U,100-562-779,53217 AM CS District,United States,3.5 SP1 P2,InstallBase,3.5 SP1 P2,,,Americas CS Theater,Midwest CS Division,56000 CS Region
NN110059,RecoverPoint,17204298,17204393,,,,,CUSTOMER TWO,LEXINGTON,KY,11/25/2012 12:00,Install,8/29/2012,9/27/2015,Entitled,,VNX-RPHW-G4U,100-562-779,53217 AM CS District,United States,3.5 SP1 P2,InstallBase,3.5 SP1 P2,,,Americas CS Theater,Midwest CS Division,56000 CS Region
4F725030,Data Domain,15483564,15483659,JOE CE,joe.ce@emc.com,,,CUSTOMER TWO,LEXINGTON,KY,6/23/2014 0:00,Install,6/23/2014,6/22/2018,Entitled,,DD990-CTL-B,P-DD990-CTL,53217 AM CS District,United States,5.2.6.0,InstallBase,5.2.6.0,,joe.ce@emc.com,Americas CS Theater,Midwest CS Division,56000 CS Region
FC000029,Isilon,15483564,15483659,JOE CE,joe.ce@emc.com,,,CUSTOMER TWO,LEXINGTON,KY,9/2/2014 9:05,Install,6/4/2014,10/3/2014,Not Entitled,,A100-BACKUP,100-575-000-03,53217 AM CS District,United States,7.0.2.9,InstallBase,7.0.2.9,,joe.ce@emc.com,Americas CS Theater,Midwest CS Division,56000 CS Region
MTX04110,Isilon,15483564,15483659,JOE CE,joe.ce@emc.com,,,CUSTOMER TWO,LEXINGTON,KY,4/6/2012 0:00,Install,1/12/2013,4/6/2015,Entitled,,851-0179,851-0179-01,53217 AM CS District,United States,,InstallBase,,,joe.ce@emc.com,Americas CS Theater,Midwest CS Division,56000 CS Region
MTX03663,Isilon,15483564,15483659,JOE CE,joe.ce@emc.com,,,CUSTOMER TWO,LEXINGTON,KY,4/6/2012 0:00,Install,1/12/2013,4/6/2015,Entitled,,851-0179,851-0179-01,53217 AM CS District,United States,,InstallBase,,,joe.ce@emc.com,Americas CS Theater,Midwest CS Division,56000 CS Region
SX2-0268,Isilon,15483564,15483659,JOE CE,joe.ce@emc.com,,,CUSTOMER TWO,LEXINGTON,KY,4/6/2012 0:00,Install,1/12/2013,4/6/2015,Entitled,,X200-SATA-S67,610-0001-02,53217 AM CS District,United States,7.0.2.9,InstallBase,7.0.2.9,,joe.ce@emc.com,Americas CS Theater,Midwest CS Division,56000 CS Region
SX2-0276,Isilon,15483564,15483659,JOE CE,joe.ce@emc.com,,,CUSTOMER TWO,LEXINGTON,KY,4/6/2012 0:00,Install,1/12/2013,4/6/2015,Entitled,,X200-SATA-S67,610-0001-02,53217 AM CS District,United States,7.0.2.9,InstallBase,7.0.2.9,,joe.ce@emc.com,Americas CS Theater,Midwest CS Division,56000 CS Region
SX2-0368,Isilon,15483564,15483659,JOE CE,joe.ce@emc.com,,,CUSTOMER TWO,LEXINGTON,KY,4/6/2012 0:00,Install,1/12/2013,4/6/2015,Entitled,,X200-SATA-S67,610-0001-02,53217 AM CS District,United States,6.5.5.18,InstallBase,6.5.5.18,,joe.ce@emc.com,Americas CS Theater,Midwest CS Division,56000 CS Region
SX3-0122,Isilon,15483564,15483659,JOE CE,joe.ce@emc.com,,,CUSTOMER TWO,LEXINGTON,KY,4/6/2012 0:00,Install,1/12/2013,4/6/2015,Entitled,,X200-SATA-S67,610-0001-02,53217 AM CS District,United States,6.5.5.18,InstallBase,6.5.5.18,,joe.ce@emc.com,Americas CS Theater,Midwest CS Division,56000 CS Region
SX3-0124,Isilon,15483564,15483659,JOE CE,joe.ce@emc.com,,,CUSTOMER TWO,LEXINGTON,KY,4/6/2012 0:00,Install,1/12/2013,4/6/2015,Entitled,,X200-SATA-S67,610-0001-02,53217 AM CS District,United States,7.0.2.9,InstallBase,7.0.2.9,,joe.ce@emc.com,Americas CS Theater,Midwest CS Division,56000 CS Region
0F341938,Data Domain,12273172,12273267,JOE CE,joe.ce@emc.com,,,CUSTOMER TWO,LOUISVILLE,KY,3/21/2011 8:00,Install,7/1/2014,6/30/2015,Entitled,,DD610-3500G,P-DD610-3500G,52121 AM CS District,United States,5.2.6.0,InstallBase,5.2.6.0,,joe.ce@emc.com,Americas CS Theater,Midwest CS Division,65000 CS Region
AP800251,VNX,63144,63239,JOE CE,joe.ce@emc.com,,,CUSTOMER TWO,LOUISVILLE,KY,8/21/2011 0:00,Install,7/21/2014,4/1/2015,Entitled,,VNX51D156015F,900-567-007,52121 AM CS District,United States,05.32.000.5.215,InstallBase,05.32.000.5.215,,joe.ce@emc.com,Americas CS Theater,Midwest CS Division,65000 CS Region
9F339943,Data Domain,4084122,4084217,JOE CE,joe.ce@emc.com,,,CUSTOMER TWO,HARAHAN,LA,1/8/2010 0:00,Install,7/1/2014,6/30/2015,Entitled,,DD610-3500G,P-DD610-3500G,53511 AM CS District,United States,5.2.6.0,InstallBase,5.2.6.0,,joe.ce@emc.com,Americas CS Theater,Mid-Atlantic CS Division,68000 CS Region
AP000548,CLARiiON,4084122,4084217,JOE CE,joe.ce@emc.com,,,CUSTOMER TWO,HARAHAN,LA,9/4/2014 0:00,Install,2/1/2014,4/1/2015,Entitled,,CX4-120C,900-566-008,53511 AM CS District,United States,04.30.000.5.526,InstallBase,04.30.000.5.526,,joe.ce@emc.com,Americas CS Theater,Mid-Atlantic CS Division,68000 CS Region
FL000030,Data Domain,4084122,4084217,JOE CE,joe.ce@emc.com,,,CUSTOMER TWO,HARAHAN,LA,9/29/2014 0:00,Install,10/9/2014,10/8/2017,Entitled,,DD2500-36TB,P-DD2500-36TB,53511 AM CS District,United States,,InstallBase,,,joe.ce@emc.com,Americas CS Theater,Mid-Atlantic CS Division,68000 CS Region
9F347909,Data Domain,1930516,1930611,JOE CE,joe.ce@emc.com,,,CUSTOMER TWO,NORTON,MA,1/8/2010 0:00,Install,7/1/2014,6/30/2015,Entitled,,DD610-6TB,P-DD610-6TB,52721 AM CS District,United States,5.2.6.0,InstallBase,5.2.6.0,,joe.ce@emc.com,Americas CS Theater,Northeast/Canada CS Division,54000 CS Region
AP101800,CLARiiON,1930516,1930611,JOE CE,joe.ce@emc.com,,,CUSTOMER TWO,NORTON,MA,7/23/2003 0:00,Install - T&M,7/1/2007,6/30/2008,Not Entitled,9/22/2007 7:12,CX600,5047762,52721 AM CS District,United States,02.19.600.5.030,ARU,02.19.600.5.030,,joe.ce@emc.com,Americas CS Theater,Northeast/Canada CS Division,54000 CS Region
AP802236,VNX,15123181,15123276,,,,,CUSTOMER TWO,PLYMPTON,MA,5/25/2012 6:00,Install,5/25/2012,5/24/2015,Entitled,,VNX51D156015F,900-567-007,52701 Catch All AM CS District,United States,05.32.000.5.209,InstallBase,05.32.000.5.209,,,Americas CS Theater,Northeast/Canada CS Division,54000 CS Region
9F350420,Data Domain,13318897,13318992,JOE CE,joe.ce@emc.com,,,CUSTOMER TWO,JESSUP,MD,1/8/2010 0:00,Install,7/1/2014,6/30/2015,Entitled,,DD610-3500G,P-DD610-3500G,53324 AM CS District,United States,5.2.6.0,InstallBase,5.2.6.0,,joe.ce@emc.com,Americas CS Theater,Mid-Atlantic CS Division,62000 CS Region
AP704142,VNX,13318897,13318992,JOE CE,joe.ce@emc.com,,,CUSTOMER TWO,JESSUP,MD,12/28/2012 12:00,Install,9/29/2012,10/28/2015,Entitled,,VNX51D156015F,900-567-007,53324 AM CS District,United States,05.32.000.5.216,InstallBase,05.32.000.5.216,,joe.ce@emc.com,Americas CS Theater,Mid-Atlantic CS Division,62000 CS Region
AP501088,Celerra,4407784,4407879,JOE CE,joe.ce@emc.com,,,CUSTOMER TWO,POCOMOKE CITY,MD,5/31/2008 0:00,Install - T&M,8/1/2014,7/31/2015,Not Entitled,3/17/2013 5:16,NS21C-A-FD,100-520-336,53324 AM CS District,United States,5.6.47.11,Config,5.6.47.11,,joe.ce@emc.com,Americas CS Theater,Mid-Atlantic CS Division,62000 CS Region
AP601937,Celerra,4407784,4407879,JOE CE,joe.ce@emc.com,,,CUSTOMER TWO,POCOMOKE CITY,MD,5/31/2008 0:00,Install,8/1/2014,7/31/2015,Not Entitled,,NS2-AUXCR,100-520-622,53324 AM CS District,United States,03.26.020.5.016,InstallBase,03.26.010.5.029,,joe.ce@emc.com,Americas CS Theater,Mid-Atlantic CS Division,62000 CS Region
4F303106,Data Domain,12214063,12214158,JOE CE,joe.ce@emc.com,,,CUSTOMER TWO,WESTBROOK,ME,9/30/2014 9:18,Install,7/1/2014,6/30/2015,Entitled,,DD610-3500G,P-X-1406-CHAS1,52723 AM CS District,United States,5.2.6.0,InstallBase,5.2.6.0,,joe.ce@emc.com,Americas CS Theater,Northeast/Canada CS Division,54000 CS Region
AP900819,VNX,12214063,12214158,JOE CE,joe.ce@emc.com,,,CUSTOMER TWO,WESTBROOK,ME,11/30/2012 10:00,Install,9/29/2012,10/28/2015,Entitled,,VNX51D156015F,900-567-007,52723 AM CS District,United States,05.32.000.5.209,InstallBase,05.32.000.5.209,,joe.ce@emc.com,Americas CS Theater,Northeast/Canada CS Division,54000 CS Region
9F350586,Data Domain,5085610,5085705,JOE CE,joe.ce@emc.com,,,CUSTOMER TWO,CANTON,MI,1/11/2010 0:00,Install,7/1/2014,6/30/2015,Entitled,,DD610-3500G,P-DD610-3500G,52215 AM CS District,United States,5.2.6.0,InstallBase,5.2.6.0,,joe.ce@emc.com,Americas CS Theater,Midwest CS Division,65000 CS Region
AP101106,CLARiiON,5085610,5085705,JOE CE,joe.ce@emc.com,,,CUSTOMER TWO,CANTON,MI,9/4/2014 0:00,Install,2/1/2014,4/1/2015,Entitled,9/29/2014 9:14,CX4-120C,900-566-008,52215 AM CS District,United States,04.30.000.5.517,ConnectHome,04.30.000.5.517,,joe.ce@emc.com,Americas CS Theater,Midwest CS Division,65000 CS Region
1F329415,Data Domain,1930266,1930361,JOE CE,joe.ce@emc.com,,,CUSTOMER TWO,GRAND RAPIDS,MI,8/4/2014 15:28,Install,7/1/2014,6/30/2015,Entitled,,DD610-3500G,P-X-1406-CHAS1,52211 AM CS District,United States,5.2.6.0,InstallBase,5.2.6.0,,joe.ce@emc.com,Americas CS Theater,Midwest CS Division,65000 CS Region
AP900821,VNX,1930266,1930361,JOE CE,joe.ce@emc.com,,,CUSTOMER TWO,GRAND RAPIDS,MI,10/29/2012 0:00,Install,9/29/2012,10/28/2015,Entitled,,VNX51D156015F,900-567-007,52211 AM CS District,United States,05.32.000.5.209,InstallBase,05.32.000.5.209,,joe.ce@emc.com,Americas CS Theater,Midwest CS Division,65000 CS Region
3F323321,Data Domain,12214055,12214150,JOE CE,joe.ce@emc.com,,,CUSTOMER TWO,SAINT PAUL,MN,1/14/2014 10:38,Install,7/1/2014,6/30/2015,Entitled,,DD610-6TB,P-DD610-6TB,52217 AM CS District,United States,5.2.6.0,InstallBase,5.2.6.0,,joe.ce@emc.com,Americas CS Theater,Midwest CS Division,59000 CS Region
AP502552,VNX,12214055,12214150,JOE CE,joe.ce@emc.com,,,CUSTOMER TWO,SAINT PAUL,MN,2/13/2012 9:00,Install,2/13/2012,2/12/2015,Entitled,,VNX51D156015F,900-567-007,52217 AM CS District,United States,05.32.000.5.216,InstallBase,05.32.000.5.216,,joe.ce@emc.com,Americas CS Theater,Midwest CS Division,59000 CS Region
FL200214,Data Domain,12214055,12214150,JOE CE,joe.ce@emc.com,,,CUSTOMER TWO,SAINT PAUL,MN,12/27/2014 0:00,Install,12/27/2014,12/26/2017,Not Entitled,,DD2500-36TB,P-DD2500-36TB,52217 AM CS District,United States,,InstallBase,,,joe.ce@emc.com,Americas CS Theater,Midwest CS Division,59000 CS Region
3F321222,Data Domain,9760554,9760649,JOE CE,joe.ce@emc.com,,,CUSTOMER TWO,SAINT CHARLES,MO,9/10/2014 15:26,Install,7/1/2014,6/30/2015,Entitled,,DD610-3500G,P-X-1406-CHAS1,52117 AM CS District,United States,5.2.6.0,InstallBase,5.2.6.0,,joe.ce@emc.com,Americas CS Theater,Midwest CS Division,59000 CS Region
AP204362,VNX,9760554,9760649,JOE CE,joe.ce@emc.com,,,CUSTOMER TWO,SAINT CHARLES,MO,7/4/2012 12:00,Install,7/4/2012,7/3/2015,Entitled,,VNX51D156015F,900-567-007,52117 AM CS District,United States,05.32.000.5.209,InstallBase,05.32.000.5.209,,joe.ce@emc.com,Americas CS Theater,Midwest CS Division,59000 CS Region
1F309021,Data Domain,1930323,1930418,JOE CE,joe.ce@emc.com,,,CUSTOMER TWO,JACKSON,MS,8/20/2014 14:32,Install,7/1/2014,6/30/2015,Entitled,,DD610-3500G,P-X-1406-CHAS1,53515 AM CS District,United States,5.2.6.0,InstallBase,5.2.6.0,,joe.ce@emc.com,Americas CS Theater,Mid-Atlantic CS Division,68000 CS Region
AP901571,VNX,1930323,1930418,JOE CE,joe.ce@emc.com,,,CUSTOMER TWO,JACKSON,MS,9/7/2012 12:00,Install,8/8/2012,9/6/2015,Entitled,,VNX51D156015F,900-567-007,53515 AM CS District,United States,05.32.000.5.215,InstallBase,05.32.000.5.215,,joe.ce@emc.com,Americas CS Theater,Mid-Atlantic CS Division,68000 CS Region
3F335186,Data Domain,1930285,1930380,JOE CE,joe.ce@emc.com,,,CUSTOMER TWO,BILLINGS,MT,1/8/2010 0:00,Install,7/1/2014,6/30/2015,Entitled,,DD610-3500G,P-X-1406-CHAS1,52319 AM CS District,United States,5.4.0.8,InstallBase,5.4.0.8,,joe.ce@emc.com,Americas CS Theater,West CS Division,55000 CS Region
AP200939,CLARiiON,1930285,1930380,JOE CE,joe.ce@emc.com,,,CUSTOMER TWO,BILLINGS,MT,9/4/2014 0:00,Install,2/1/2014,4/1/2015,Entitled,,CX4-120C,900-566-008,52319 AM CS District,United States,04.30.000.5.526,InstallBase,04.30.000.5.526,,joe.ce@emc.com,Americas CS Theater,West CS Division,55000 CS Region
AP100477,VNX,14394415,14394510,JOE CE,joe.ce@emc.com,,,CUSTOMER TWO,CONCORD,NC,8/30/2011 12:00,Install,8/8/2014,4/1/2015,Entitled,,VNX51D156015F,900-567-007,53522 AM CS District,United States,05.32.000.5.216,InstallBase,05.32.000.5.216,,joe.ce@emc.com,Americas CS Theater,Mid-Atlantic CS Division,64000 CS Region
0F350615,Data Domain,2284,2379,JOE CE,joe.ce@emc.com,,,CUSTOMER TWO,CONCORD,NC,5/8/2013 12:20,Install,7/1/2014,6/30/2015,Entitled,,DD610-3500G,P-DD610-3500G,53522 AM CS District,United States,5.2.6.0,InstallBase,5.2.6.0,,joe.ce@emc.com,Americas CS Theater,Mid-Atlantic CS Division,64000 CS Region
1F542043,Data Domain,12214012,12214107,JOE CE,joe.ce@emc.com,,,CUSTOMER TWO,SELMA,NC,9/16/2014 8:38,Install,7/1/2014,6/30/2015,Entitled,,DD610-3500G,P-X-1406-CHAS1,53521 AM CS District,United States,5.2.6.0,InstallBase,5.2.6.0,,joe.ce@emc.com,Americas CS Theater,Mid-Atlantic CS Division,64000 CS Region
AP900827,VNX,12214012,12214107,JOE CE,joe.ce@emc.com,,,CUSTOMER TWO,SELMA,NC,12/28/2012 12:00,Install,9/29/2012,10/28/2015,Entitled,,VNX51D156015F,900-567-007,53521 AM CS District,United States,05.32.000.5.209,InstallBase,05.32.000.5.209,,joe.ce@emc.com,Americas CS Theater,Mid-Atlantic CS Division,64000 CS Region
9F350386,Data Domain,12214053,12214148,,,,,CUSTOMER TWO,FARGO,ND,1/11/2010 0:00,Install,7/1/2014,6/30/2015,Entitled,,DD610-3500G,P-DD610-3500G,52127 AM CS District,United States,5.2.6.0,InstallBase,5.2.6.0,,,Americas CS Theater,Midwest CS Division,59000 CS Region
AP601238,CLARiiON,12214053,12214148,,,,,CUSTOMER TWO,FARGO,ND,9/4/2014 0:00,Install,2/1/2014,4/1/2015,Entitled,,CX4-120C,900-566-008,52127 AM CS District,United States,04.30.000.5.526,InstallBase,04.30.000.5.526,,,Americas CS Theater,Midwest CS Division,59000 CS Region
9F339953,Data Domain,1003814714,1003814809,,,,,CUSTOMER TWO,LINCOLN,NE,1/12/2010 0:00,Install,7/1/2014,6/30/2015,Entitled,,DD610-3500G,P-DD610-3500G,,United States,5.2.6.0,InstallBase,5.2.6.0,,,,,
AP704143,VNX,12214025,12214120,JOE CE,joe.ce@emc.com,,,CUSTOMER TWO,LINCOLN,NE,10/30/2012 0:00,Install,9/29/2012,10/28/2015,Entitled,,VNX51D156015F,900-567-007,52223 AM CS District,United States,05.32.000.5.209,InstallBase,05.32.000.5.209,,joe.ce@emc.com,Americas CS Theater,Midwest CS Division,59000 CS Region
9F348988,Data Domain,10757512,10757607,JOE CE,joe.ce@emc.com,,,CUSTOMER TWO,JERSEY CITY,NJ,1/11/2010 0:00,Install,7/1/2014,6/30/2015,Entitled,,DD610-6TB,P-DD610-6TB,53123 AM CS District,United States,5.2.6.0,InstallBase,5.2.6.0,,joe.ce@emc.com,Americas CS Theater,NY/NJ Metro CS Division,61000 CS Region
AP701615,CLARiiON,10757512,10757607,JOE CE,joe.ce@emc.com,,,CUSTOMER TWO,JERSEY CITY,NJ,9/4/2014 0:00,Install,2/1/2014,4/1/2015,Entitled,,CX4-120C,900-566-008,53123 AM CS District,United States,04.30.000.5.526,InstallBase,04.30.000.5.526,,joe.ce@emc.com,Americas CS Theater,NY/NJ Metro CS Division,61000 CS Region
4005065,ESRS,15641650,15641745,JOE CE,joe.ce@emc.com,,,CUSTOMER TWO,MONMOUTH JUNCTION,NJ,9/20/2012 0:00,Install,,,,,ESRS-GW-200,953-002-303,53111 AM CS District,United States,,InstallBase,,,joe.ce@emc.com,Americas CS Theater,NY/NJ Metro CS Division,61000 CS Region
HK900896,Symmetrix,15641650,15641745,JOE CE,joe.ce@emc.com,,,CUSTOMER TWO,MONMOUTH JUNCTION,NJ,10/12/2012 6:00,Install,9/20/2012,10/19/2016,Entitled,1/25/2015 10:20,BA-SYS1,900-886-025,53111 AM CS District,United States,5876.268.174,ERRS,5876.268.174,5876.268.174,joe.ce@emc.com,Americas CS Theater,NY/NJ Metro CS Division,61000 CS Region
9F349188,Data Domain,10654063,10654158,,joe.ce@emc.com,,,CUSTOMER TWO,ALBUQUERQUE,NM,1/8/2010 0:00,Install,7/1/2014,6/30/2015,Entitled,,DD610-6TB,P-DD610-6TB,52314 AM CS District,United States,5.2.6.0,InstallBase,5.2.6.0,,joe.ce@emc.com,Americas CS Theater,West CS Division,55000 CS Region
AP702074,VNX,10654063,10654158,,joe.ce@emc.com,,,CUSTOMER TWO,ALBUQUERQUE,NM,12/28/2012 12:00,Install,9/29/2012,10/28/2015,Entitled,,VNX51D156015F,900-567-007,52314 AM CS District,United States,05.32.000.5.209,InstallBase,05.32.000.5.209,,joe.ce@emc.com,Americas CS Theater,West CS Division,55000 CS Region
FL000029,Data Domain,10654063,10654158,,joe.ce@emc.com,,,CUSTOMER TWO,ALBUQUERQUE,NM,9/29/2014 0:00,Install,10/9/2014,10/8/2017,Entitled,,DD2500-36TB,P-DD2500-36TB,52314 AM CS District,United States,,InstallBase,,,joe.ce@emc.com,Americas CS Theater,West CS Division,55000 CS Region
2F304049,Data Domain,13059980,13060075,JOE CE,joe.ce@emc.com,,,CUSTOMER TWO,LAS VEGAS,NV,6/4/2012 13:29,Install,7/1/2014,6/30/2015,Not Entitled,,,P-DD610-3500G,52513 AM CS District,United States,5.2.6.0,InstallBase,5.2.6.0,,joe.ce@emc.com,Americas CS Theater,West CS Division,58000 CS Region
4F326002,Data Domain,13059980,13060075,JOE CE,joe.ce@emc.com,,,CUSTOMER TWO,LAS VEGAS,NV,8/14/2014 0:00,Install,7/1/2014,6/30/2015,Entitled,,DD610-3500G,P-X-1406-CHAS1,52513 AM CS District,United States,5.2.6.0,InstallBase,5.2.6.0,,joe.ce@emc.com,Americas CS Theater,West CS Division,58000 CS Region
FL000037,Data Domain,11990499,11990594,JOE CE,joe.ce@emc.com,,,CUSTOMER TWO,LAS VEGAS,NV,9/29/2014 0:00,Install,10/9/2014,10/8/2017,Entitled,,DD2500-36TB,P-DD2500-36TB,52513 AM CS District,United States,5.5.0.8,InstallBase,5.5.0.8,,joe.ce@emc.com,Americas CS Theater,West CS Division,58000 CS Region
2F304053,Data Domain,15182592,15182687,JOE CE,joe.ce@emc.com,,,CUSTOMER TWO,CENTRAL ISLIP,NY,6/26/2012 14:02,Install,7/1/2014,6/30/2015,Entitled,,DD610-6TB,P-DD610-6TB,53611 AM CS District,United States,5.2.6.0,InstallBase,5.2.6.0,,joe.ce@emc.com,Americas CS Theater,NY/NJ Metro CS Division,66000 CS Region
9F349184,Data Domain,15182592,15182687,JOE CE,joe.ce@emc.com,,,CUSTOMER TWO,CENTRAL ISLIP,NY,1/8/2010 0:00,Install,7/1/2014,6/30/2015,Entitled,,DD610-6TB,P-DD610-6TB,53611 AM CS District,United States,5.1.0.9-282511,InstallBase,5.1.0.9-282511,,joe.ce@emc.com,Americas CS Theater,NY/NJ Metro CS Division,66000 CS Region
AP503669,VNX,15182592,15182687,JOE CE,joe.ce@emc.com,,,CUSTOMER TWO,CENTRAL ISLIP,NY,4/5/2012 10:00,Install,4/5/2012,4/4/2015,Entitled,,VNX51D156015F,900-567-007,53611 AM CS District,United States,05.32.000.5.215,InstallBase,05.32.000.5.215,,joe.ce@emc.com,Americas CS Theater,NY/NJ Metro CS Division,66000 CS Region
3F307153,Data Domain,9762615,9762710,JOE CE,joe.ce@emc.com,,,CUSTOMER TWO,CLIFTON PARK,NY,9/9/2014 15:08,Install,7/1/2014,6/30/2015,Entitled,,DD610-3500G,P-X-1406-CHAS1,52725 AM CS District,United States,5.4.0.8,InstallBase,5.4.0.8,,joe.ce@emc.com,Americas CS Theater,Northeast/Canada CS Division,54000 CS Region
AP902383,VNX,9762615,9762710,JOE CE,joe.ce@emc.com,,,CUSTOMER TWO,CLIFTON PARK,NY,6/10/2012 12:00,Install,6/10/2012,6/9/2015,Entitled,,VNX51D156015F,900-567-007,52725 AM CS District,United States,05.32.000.5.209,InstallBase,05.32.000.5.209,,joe.ce@emc.com,Americas CS Theater,Northeast/Canada CS Division,54000 CS Region
3F347214,Data Domain,12213634,12213729,JOE CE,joe.ce@emc.com,,,CUSTOMER TWO,WARNERS,NY,9/4/2014 9:13,Install,7/1/2014,6/30/2015,Entitled,,DD610-3500G,P-X-1406-CHAS1,52717 AM CS District,United States,5.2.6.0,InstallBase,5.2.6.0,,joe.ce@emc.com,Americas CS Theater,Northeast/Canada CS Division,54000 CS Region
9F347934,Data Domain,12213634,12213729,JOE CE,joe.ce@emc.com,,,CUSTOMER TWO,WARNERS,NY,1/8/2010 0:00,Install,7/1/2014,6/30/2015,Not Entitled,,DD610-3500G,P-DD610-3500G,52717 AM CS District,United States,5.2.6.0,InstallBase,5.2.6.0,,joe.ce@emc.com,Americas CS Theater,Northeast/Canada CS Division,54000 CS Region
AP704519,VNX,12213634,12213729,JOE CE,joe.ce@emc.com,,,CUSTOMER TWO,WARNERS,NY,11/27/2012 0:00,Install,9/29/2012,10/28/2015,Entitled,,VNX51D156015F,900-567-007,52717 AM CS District,United States,05.32.000.5.215,InstallBase,05.32.000.5.215,,joe.ce@emc.com,Americas CS Theater,Northeast/Canada CS Division,54000 CS Region
9F348982,Data Domain,1930342,1930437,JOE CE,joe.ce@emc.com,,,CUSTOMER TWO,CINCINNATI,OH,1/12/2010 0:00,Install,7/1/2014,6/30/2015,Entitled,,DD610-6TB,P-DD610-6TB,53211 AM CS District,United States,5.2.6.0,InstallBase,5.2.6.0,,joe.ce@emc.com,Americas CS Theater,Midwest CS Division,56000 CS Region
AP900814,VNX,1930342,1930437,JOE CE,joe.ce@emc.com,,,CUSTOMER TWO,CINCINNATI,OH,12/29/2012 12:00,Install,9/30/2012,10/30/2015,Entitled,,VNX51D156015F,900-567-007,53211 AM CS District,United States,05.32.000.5.215,InstallBase,05.32.000.5.215,,joe.ce@emc.com,Americas CS Theater,Midwest CS Division,56000 CS Region
4F303123,Data Domain,12214049,12214144,JOE CE,joe.ce@emc.com,,,CUSTOMER TWO,CLEVELAND,OH,9/17/2014 11:21,Install,7/1/2014,6/30/2015,Entitled,,DD610-6TB,P-X-1406-CHAS1,53215 AM CS District,United States,5.2.6.0,InstallBase,5.2.6.0,,joe.ce@emc.com,Americas CS Theater,Midwest CS Division,56000 CS Region
AP400215,VNX,14459218,14459313,JOE CE,joe.ce@emc.com,,,CUSTOMER TWO,NORMAN,OK,9/16/2011 0:00,Install,8/30/2014,4/1/2015,Entitled,,VNX51D156015F,900-567-007,53719 AM CS District,United States,05.32.000.5.215,InstallBase,05.32.000.5.215,,joe.ce@emc.com,Americas CS Theater,Mid-Atlantic CS Division,63000 CS Region
FL000034,Data Domain,14459218,14459313,JOE CE,joe.ce@emc.com,,,CUSTOMER TWO,NORMAN,OK,9/29/2014 0:00,Install,10/9/2014,10/8/2017,Entitled,,DD2500-36TB,P-DD2500-36TB,53719 AM CS District,United States,,InstallBase,,,joe.ce@emc.com,Americas CS Theater,Mid-Atlantic CS Division,63000 CS Region
9F346729,Data Domain,12213625,12213720,JOE CE,joe.ce@emc.com,,,CUSTOMER TWO,NORMAN,OK,1/8/2010 0:00,Install,7/1/2014,6/30/2015,Entitled,,DD610-3500G,P-DD610-3500G,53719 AM CS District,United States,5.2.6.0,InstallBase,5.2.6.0,,joe.ce@emc.com,Americas CS Theater,Mid-Atlantic CS Division,63000 CS Region
3F346163,Data Domain,12034824,12034919,JOE CE,joe.ce@emc.com,,,CUSTOMER TWO,WILSONVILLE,OR,1/15/2014 12:05,Install,7/1/2014,6/30/2015,Entitled,,DD610-3500G,P-DD610-3500G,52319 AM CS District,United States,5.2.6.0,InstallBase,5.2.6.0,,joe.ce@emc.com,Americas CS Theater,West CS Division,55000 CS Region
AP605217,VNX,12034824,12034919,JOE CE,joe.ce@emc.com,,,CUSTOMER TWO,WILSONVILLE,OR,10/10/2012 13:00,Install,9/6/2012,10/5/2015,Entitled,,VNX51D156015F,900-567-007,52319 AM CS District,United States,05.32.000.5.209,InstallBase,05.32.000.5.209,,joe.ce@emc.com,Americas CS Theater,West CS Division,55000 CS Region
9F350529,Data Domain,4076636,4076731,JOE CE,joe.ce@emc.com,,,CUSTOMER TWO,HARMONY,PA,1/8/2010 0:00,Install,7/1/2014,6/30/2015,Entitled,,DD610-3500G,P-DD610-3500G,53217 AM CS District,United States,5.2.6.0,InstallBase,5.2.6.0,,joe.ce@emc.com,Americas CS Theater,Midwest CS Division,56000 CS Region
AP300265,CLARiiON,4076636,4076731,JOE CE,joe.ce@emc.com,,,CUSTOMER TWO,HARMONY,PA,9/4/2014 0:00,Install,2/1/2014,4/1/2015,Entitled,,CX4-120C,900-566-008,53217 AM CS District,United States,04.30.000.5.526,InstallBase,04.30.000.5.526,,joe.ce@emc.com,Americas CS Theater,Midwest CS Division,56000 CS Region
9F339853,Data Domain,3905077,3905172,JOE CE,joe.ce@emc.com,,,CUSTOMER TWO,HARRISBURG,PA,1/12/2010 0:00,Install,7/1/2014,6/30/2015,Entitled,,DD610-3500G,P-DD610-3500G,53330 AM CS District,United States,5.2.6.0,InstallBase,5.2.6.0,,joe.ce@emc.com,Americas CS Theater,Mid-Atlantic CS Division,62000 CS Region
AP601727,CLARiiON,3905077,3905172,JOE CE,joe.ce@emc.com,,,CUSTOMER TWO,HARRISBURG,PA,9/4/2014 0:00,Install,2/1/2014,4/1/2015,Entitled,,CX4-120C,900-566-008,53330 AM CS District,United States,04.30.000.5.526,InstallBase,04.30.000.5.526,,joe.ce@emc.com,Americas CS Theater,Mid-Atlantic CS Division,62000 CS Region
9F339946,Data Domain,4043459,4043554,JOE CE,joe.ce@emc.com,,,CUSTOMER TWO,PHILADELPHIA,PA,1/12/2010 0:00,Install,7/1/2014,6/30/2015,Entitled,,DD610-3500G,P-DD610-3500G,53590 AM CS District,United States,5.2.6.0,InstallBase,5.2.6.0,,joe.ce@emc.com,Americas CS Theater,Mid-Atlantic CS Division,62000 CS Region
1F349092,Data Domain,4112107,4112202,JOE CE,joe.ce@emc.com,,,CUSTOMER TWO,COLUMBIA,SC,10/9/2014 20:28,Install,7/1/2014,6/30/2015,Entitled,,DD610-3500G,P-X-1406-CHAS1,53530 AM CS District,United States,5.4.0.8,InstallBase,5.4.0.8,,joe.ce@emc.com,Americas CS Theater,Mid-Atlantic CS Division,64000 CS Region
9F345494,Data Domain,12214080,12214175,,,,,CUSTOMER TWO,KNOXVILLE,TN,1/11/2010 0:00,Install,7/1/2014,6/30/2015,Entitled,,DD610-3500G,P-DD610-3500G,53519 AM CS District,United States,5.2.6.0,InstallBase,5.2.6.0,,,Americas CS Theater,Mid-Atlantic CS Division,68000 CS Region
AP502526,CLARiiON,12214080,12214175,,,,,CUSTOMER TWO,KNOXVILLE,TN,3/2/2008 0:00,Install - T&M,4/2/2013,3/31/2014,Not Entitled,5/15/2013 14:01,CX3-10C-FD,100-561-299,53519 AM CS District,United States,03.26.010.5.025,ConnectHome,03.26.010.5.025,,,Americas CS Theater,Mid-Atlantic CS Division,68000 CS Region
9F339950,Data Domain,13333811,13333906,JOE CE,joe.ce@emc.com,,,CUSTOMER TWO,MEMPHIS,TN,1/8/2010 0:00,Install,7/1/2014,6/30/2015,Entitled,,DD610-3500G,P-DD610-3500G,53520 AM CS District,United States,5.2.6.0,InstallBase,5.2.6.0,,joe.ce@emc.com,Americas CS Theater,Mid-Atlantic CS Division,68000 CS Region
9F340043,Data Domain,13333820,13333915,JOE CE,joe.ce@emc.com,,,CUSTOMER TWO,NASHVILLE,TN,1/11/2010 0:00,Install,7/1/2014,6/30/2015,Entitled,,DD610-3500G,P-DD610-3500G,53519 AM CS District,United States,5.2.6.0,InstallBase,5.2.6.0,,joe.ce@emc.com,Americas CS Theater,Mid-Atlantic CS Division,68000 CS Region
AP700828,CLARiiON,13333820,13333915,JOE CE,joe.ce@emc.com,,,CUSTOMER TWO,NASHVILLE,TN,9/4/2014 0:00,Install,2/1/2014,4/1/2015,Entitled,1/4/2015 2:36,CX4-120C,900-566-008,53519 AM CS District,United States,04.30.000.5.517,ConnectHome,04.30.000.5.517,,joe.ce@emc.com,Americas CS Theater,Mid-Atlantic CS Division,68000 CS Region
4F736010,Data Domain,13198936,13199031,JOE CE,joe.ce@emc.com,,,CUSTOMER TWO,CYPRESS,TX,9/29/2014 0:00,Install,10/7/2014,10/6/2017,Entitled,,DD990-CTL-B,P-DD990-CTL,53717 AM CS District,United States,,InstallBase,,,joe.ce@emc.com,Americas CS Theater,Mid-Atlantic CS Division,63000 CS Region
AP814671,VNX,13198936,13199031,JOE CE,joe.ce@emc.com,,,CUSTOMER TWO,CYPRESS,TX,12/4/2012 1:00,Install,11/28/2012,11/27/2015,Entitled,,VNX5500DP15F,900-567-001,53717 AM CS District,United States,05.32.000.5.206,InstallBase,05.32.000.5.206,,joe.ce@emc.com,Americas CS Theater,Mid-Atlantic CS Division,63000 CS Region
MTX02011,Isilon,13198936,13199031,JOE CE,joe.ce@emc.com,,,CUSTOMER TWO,CYPRESS,TX,1/1/1900 0:00,Awaiting Customer Install,3/20/2014,3/19/2017,Entitled,,851-0167,851-0167-01,53717 AM CS District,United States,,InstallBase,,,joe.ce@emc.com,Americas CS Theater,Mid-Atlantic CS Division,63000 CS Region
MTX04002,Isilon,13198936,13199031,JOE CE,joe.ce@emc.com,,,CUSTOMER TWO,CYPRESS,TX,1/1/1900 0:00,Awaiting Customer Install,3/20/2014,3/19/2017,Entitled,,851-0167,851-0167-01,53717 AM CS District,United States,,InstallBase,,,joe.ce@emc.com,Americas CS Theater,Mid-Atlantic CS Division,63000 CS Region
NN210154,RecoverPoint,13198936,13199031,JOE CE,joe.ce@emc.com,,,CUSTOMER TWO,CYPRESS,TX,12/30/2012 0:00,Install,11/28/2012,11/27/2015,Entitled,,VNX-RPHW5-G4,100-562-779,53717 AM CS District,United States,3.5 SP2,InstallBase,3.5 SP2,,joe.ce@emc.com,Americas CS Theater,Mid-Atlantic CS Division,63000 CS Region
NN210159,RecoverPoint,13198936,13199031,JOE CE,joe.ce@emc.com,,,CUSTOMER TWO,CYPRESS,TX,12/30/2012 0:00,Install,,,,,VNX-RPHW5-G4,100-562-779,53717 AM CS District,United States,3.5 SP2,InstallBase,3.5 SP2,,joe.ce@emc.com,Americas CS Theater,Mid-Atlantic CS Division,63000 CS Region
SX2-0068,Isilon,13198936,13199031,JOE CE,joe.ce@emc.com,,,CUSTOMER TWO,CYPRESS,TX,7/16/2014 12:00,Install,3/20/2014,3/19/2017,Entitled,,861-0121,610-0001-04,53717 AM CS District,United States,7.1.1.1,InstallBase,7.1.1.1,,joe.ce@emc.com,Americas CS Theater,Mid-Atlantic CS Division,63000 CS Region
SX2-0071,Isilon,13198936,13199031,JOE CE,joe.ce@emc.com,,,CUSTOMER TWO,CYPRESS,TX,7/16/2014 12:00,Install,3/20/2014,3/19/2017,Entitled,,861-0121,610-0001-04,53717 AM CS District,United States,7.1.1.1,InstallBase,7.1.1.1,,joe.ce@emc.com,Americas CS Theater,Mid-Atlantic CS Division,63000 CS Region
SX2-0074,Isilon,13198936,13199031,JOE CE,joe.ce@emc.com,,,CUSTOMER TWO,CYPRESS,TX,7/16/2014 12:00,Install,3/20/2014,3/19/2017,Entitled,,861-0121,610-0001-04,53717 AM CS District,United States,7.1.1.1,InstallBase,7.1.1.1,,joe.ce@emc.com,Americas CS Theater,Mid-Atlantic CS Division,63000 CS Region
SX2-0076,Isilon,13198936,13199031,JOE CE,joe.ce@emc.com,,,CUSTOMER TWO,CYPRESS,TX,7/16/2014 12:00,Install,3/20/2014,3/19/2017,Entitled,,861-0121,610-0001-04,53717 AM CS District,United States,7.1.1.1,InstallBase,7.1.1.1,,joe.ce@emc.com,Americas CS Theater,Mid-Atlantic CS Division,63000 CS Region
4003031,ESRS,7927378,7927473,JOE CE,joe.ce@emc.com,,,CUSTOMER TWO,HOUSTON,TX,3/16/2012 16:09,Install,,,,,ESRS-GW-200,953-002-303,53717 AM CS District,United States,,InstallBase,,,joe.ce@emc.com,Americas CS Theater,Mid-Atlantic CS Division,63000 CS Region
4003379,ESRS,7927378,7927473,JOE CE,joe.ce@emc.com,,,CUSTOMER TWO,HOUSTON,TX,3/24/2012 8:44,Install,,,,,ESRS-GW-200,953-002-303,53717 AM CS District,United States,,InstallBase,,,joe.ce@emc.com,Americas CS Theater,Mid-Atlantic CS Division,63000 CS Region
4010731,ESRS,7927378,7927473,JOE CE,joe.ce@emc.com,,,CUSTOMER TWO,HOUSTON,TX,12/4/2012 0:00,Install,,,,,ESRS-GW-200,953-002-303,53717 AM CS District,United States,,InstallBase,,,joe.ce@emc.com,Americas CS Theater,Mid-Atlantic CS Division,63000 CS Region
5001504,RecoverPoint,7927378,7927473,JOE CE,joe.ce@emc.com,,,CUSTOMER TWO,HOUSTON,TX,12/4/2012 0:00,Install,11/28/2012,11/27/2015,Entitled,,RPS-V55,100S-001830,53717 AM CS District,United States,3.5 SP2,InstallBase,3.5 SP2,,joe.ce@emc.com,Americas CS Theater,Mid-Atlantic CS Division,63000 CS Region
1377CEF8,Avamar,7927378,7927473,JOE CE,joe.ce@emc.com,,,CUSTOMER TWO,HOUSTON,TX,4/24/2012 16:26,Install,,,,,456-100-309,900-580-003,53717 AM CS District,United States,,InstallBase,,,joe.ce@emc.com,Americas CS Theater,Mid-Atlantic CS Division,63000 CS Region
1F537227,Data Domain,7927378,7927473,JOE CE,joe.ce@emc.com,,,CUSTOMER TWO,HOUSTON,TX,10/16/2011 12:53,Install,10/16/2014,6/30/2015,Entitled,,DD890-CTX-B,P-DD890-CTX,53717 AM CS District,United States,5.2.6.0,InstallBase,5.2.6.0,,joe.ce@emc.com,Americas CS Theater,Mid-Atlantic CS Division,63000 CS Region
3F512058,Data Domain,7927378,7927473,JOE CE,joe.ce@emc.com,,,CUSTOMER TWO,HOUSTON,TX,5/29/2013 0:00,Install,5/29/2013,5/28/2016,Entitled,,DD890-CTX-B,P-DD890-CTX,53717 AM CS District,United States,5.2.6.0,InstallBase,5.2.6.0,,joe.ce@emc.com,Americas CS Theater,Mid-Atlantic CS Division,63000 CS Region
4F736012,Data Domain,7927378,7927473,JOE CE,joe.ce@emc.com,,,CUSTOMER TWO,HOUSTON,TX,9/29/2014 0:00,Install,10/7/2014,10/6/2017,Entitled,,DD990-CTL-B,P-DD990-CTL,53717 AM CS District,United States,,InstallBase,,,joe.ce@emc.com,Americas CS Theater,Mid-Atlantic CS Division,63000 CS Region
A100012L,Isilon,7927378,7927473,JOE CE,joe.ce@emc.com,,,CUSTOMER TWO,HOUSTON,TX,8/14/2012 0:00,Install,1/12/2013,2/7/2015,Entitled,,851-0074,851-0074-01,53717 AM CS District,United States,7.0.1.10,InstallBase,7.0.1.10,,joe.ce@emc.com,Americas CS Theater,Mid-Atlantic CS Division,63000 CS Region
A100021L,Isilon,7927378,7927473,JOE CE,joe.ce@emc.com,,,CUSTOMER TWO,HOUSTON,TX,11/29/2012 0:00,Install,1/12/2013,3/1/2015,Entitled,,851-0074,851-0074-01,53717 AM CS District,United States,7.0.1.10,InstallBase,7.0.1.10,,joe.ce@emc.com,Americas CS Theater,Mid-Atlantic CS Division,63000 CS Region
AM340055,Switch,7927378,7927473,JOE CE,joe.ce@emc.com,,,CUSTOMER TWO,HOUSTON,TX,9/2/2011 0:00,Install,9/2/2014,4/1/2015,Entitled,,MDS-9148-48,DS-C9148-48P-K9,53717 AM CS District,United States,,,3.3(5b),,joe.ce@emc.com,Americas CS Theater,Mid-Atlantic CS Division,63000 CS Region
AM390431,Switch,7927378,7927473,JOE CE,joe.ce@emc.com,,,CUSTOMER TWO,HOUSTON,TX,9/2/2011 0:00,Install,9/2/2014,4/1/2015,Entitled,,MDS-9148-48,DS-C9148-48P-K9,53717 AM CS District,United States,,,3.3(5b),,joe.ce@emc.com,Americas CS Theater,Mid-Atlantic CS Division,63000 CS Region
AM390435,Switch,7927378,7927473,JOE CE,joe.ce@emc.com,,,CUSTOMER TWO,HOUSTON,TX,9/2/2011 0:00,Install,9/2/2014,4/1/2015,Entitled,,MDS-9148-48,DS-C9148-48P-K9,53717 AM CS District,United States,,,3.3(5b),,joe.ce@emc.com,Americas CS Theater,Mid-Atlantic CS Division,63000 CS Region
AM070361,Switch,7927378,7927473,JOE CE,joe.ce@emc.com,,,CUSTOMER TWO,HOUSTON,TX,3/16/2012 1:00,Install,3/16/2012,3/15/2015,Entitled,,MDS-9148-48,DS-C9148-48P-K9,53717 AM CS District,United States,,,5.0(4d),,joe.ce@emc.com,Americas CS Theater,Mid-Atlantic CS Division,63000 CS Region
AM450933,Switch,7927378,7927473,JOE CE,joe.ce@emc.com,,,CUSTOMER TWO,HOUSTON,TX,6/8/2014 12:00,Install,3/10/2014,4/8/2017,Entitled,,MDS-9148-48,DS-C9148-48P-K9,53717 AM CS District,United States,,,5.0(8),,joe.ce@emc.com,Americas CS Theater,Mid-Atlantic CS Division,63000 CS Region
AM470394,Switch,7927378,7927473,JOE CE,joe.ce@emc.com,,,CUSTOMER TWO,HOUSTON,TX,6/8/2014 12:00,Install,3/10/2014,4/8/2017,Entitled,,MDS-9148-48,DS-C9148-48P-K9,53717 AM CS District,United States,,,5.0(8),,joe.ce@emc.com,Americas CS Theater,Mid-Atlantic CS Division,63000 CS Region
AP703012,CLARiiON,7927378,7927473,JOE CE,joe.ce@emc.com,,,CUSTOMER TWO,HOUSTON,TX,7/18/2012 10:34,Install - T&M,7/18/2012,6/30/2013,Not Entitled,,CX3007315-10,100-561-583,53717 AM CS District,United States,02.26.500.5.031,InstallBase,02.26.500.5.031,,joe.ce@emc.com,Americas CS Theater,Mid-Atlantic CS Division,63000 CS Region
AP101383,CLARiiON,7927378,7927473,JOE CE,joe.ce@emc.com,,,CUSTOMER TWO,HOUSTON,TX,2/13/2011 12:00,Install,4/13/2012,4/12/2013,Not Entitled,12/17/2012 16:45,,900-566-003,53717 AM CS District,United States,04.30.000.5.517,ConnectHome,04.30.000.5.517,,joe.ce@emc.com,Americas CS Theater,Mid-Atlantic CS Division,63000 CS Region
AP800830,CLARiiON,7927378,7927473,JOE CE,joe.ce@emc.com,,,CUSTOMER TWO,HOUSTON,TX,9/4/2014 0:00,Install,2/1/2014,4/1/2015,Entitled,,CX4-120C,900-566-008,53717 AM CS District,United States,04.30.000.5.526,InstallBase,04.30.000.5.526,,joe.ce@emc.com,Americas CS Theater,Mid-Atlantic CS Division,63000 CS Region
AP301502,CLARiiON,7927378,7927473,JOE CE,joe.ce@emc.com,,,CUSTOMER TWO,HOUSTON,TX,9/4/2014 0:00,Install,2/1/2014,4/1/2015,Entitled,,CX4-120C,900-566-008,53717 AM CS District,United States,04.30.000.5.526,InstallBase,04.30.000.5.526,,joe.ce@emc.com,Americas CS Theater,Mid-Atlantic CS Division,63000 CS Region
AP301641,Avamar,7927378,7927473,JOE CE,joe.ce@emc.com,,,CUSTOMER TWO,HOUSTON,TX,4/24/2012 0:00,Install,4/24/2012,4/23/2015,Entitled,,AVMRACKG4,100-580-610,53717 AM CS District,United States,6.0.2.153 SLES,InstallBase,6.0.2.153 SLES,,joe.ce@emc.com,Americas CS Theater,Mid-Atlantic CS Division,63000 CS Region
AP301213,VNX,7927378,7927473,JOE CE,joe.ce@emc.com,,,CUSTOMER TWO,HOUSTON,TX,8/29/2012 1:00,Install,8/28/2012,9/26/2015,Entitled,,VNX53D-HANA-B,900-567-002,53717 AM CS District,United States,05.32.000.5.008,InstallBase,05.32.000.5.008,,joe.ce@emc.com,Americas CS Theater,Mid-Atlantic CS Division,63000 CS Region
AP618068,VNX,7927378,7927473,JOE CE,joe.ce@emc.com,,,CUSTOMER TWO,HOUSTON,TX,1/4/2013 0:00,Install,11/28/2012,11/27/2015,Entitled,,VNX5500DP15F,900-567-001,53717 AM CS District,United States,05.32.000.5.206,InstallBase,05.32.000.5.206,,joe.ce@emc.com,Americas CS Theater,Mid-Atlantic CS Division,63000 CS Region
AP628075,XtremIO,7927378,7927473,JOE CE,joe.ce@emc.com,,,CUSTOMER TWO,HOUSTON,TX,4/30/2014 0:00,Install,4/30/2014,7/20/2014,Not Entitled,,X02-CTRL-TAGF,900-586-002,53717 AM CS District,United States,3.0.0-44,InstallBase,3.0.0-44,,joe.ce@emc.com,Americas CS Theater,Mid-Atlantic CS Division,63000 CS Region
AR204711,Avamar,7927378,7927473,JOE CE,joe.ce@emc.com,,,CUSTOMER TWO,HOUSTON,TX,12/26/2012 12:00,Install,12/26/2012,1/26/2013,Not Entitled,,AVM1NSTG7FG4,100-580-617,53717 AM CS District,United States,6.0.2.153 SLES,InstallBase,6.0.2.153 SLES,,joe.ce@emc.com,Americas CS Theater,Mid-Atlantic CS Division,63000 CS Region
CN300086,Isilon,7927378,7927473,JOE CE,joe.ce@emc.com,,,CUSTOMER TWO,HOUSTON,TX,1/1/1900 0:00,Awaiting Customer Install,3/18/2014,2/17/2015,Entitled,,851-0170,851-0170-02,53717 AM CS District,United States,6.5.5.14,InstallBase,6.5.5.14,,joe.ce@emc.com,Americas CS Theater,Mid-Atlantic CS Division,63000 CS Region
CN300087,Isilon,7927378,7927473,JOE CE,joe.ce@emc.com,,,CUSTOMER TWO,HOUSTON,TX,1/1/1900 0:00,Awaiting Customer Install,3/18/2014,2/17/2015,Entitled,,851-0170,851-0170-02,53717 AM CS District,United States,6.5.5.14,InstallBase,6.5.5.14,,joe.ce@emc.com,Americas CS Theater,Mid-Atlantic CS Division,63000 CS Region
FL000032,Data Domain,7927378,7927473,JOE CE,joe.ce@emc.com,,,CUSTOMER TWO,HOUSTON,TX,9/29/2014 0:00,Install,10/9/2014,10/8/2017,Entitled,,DD2500-36TB,P-DD2500-36TB,53717 AM CS District,United States,,InstallBase,,,joe.ce@emc.com,Americas CS Theater,Mid-Atlantic CS Division,63000 CS Region
FL000038,Data Domain,7927378,7927473,JOE CE,joe.ce@emc.com,,,CUSTOMER TWO,HOUSTON,TX,9/29/2014 0:00,Install,10/8/2014,10/7/2017,Entitled,,DD2500-36TB,P-DD2500-36TB,53717 AM CS District,United States,,InstallBase,,,joe.ce@emc.com,Americas CS Theater,Mid-Atlantic CS Division,63000 CS Region
HK604968,Symmetrix,7927378,7927473,JOE CE,joe.ce@emc.com,,,CUSTOMER TWO,HOUSTON,TX,4/18/2012 14:00,Install,4/18/2012,4/17/2015,Entitled,1/28/2015 13:10,SB-3D,900-886-010,53717 AM CS District,United States,5876.268.174,PROC,5876.268.174,5876.268.174,joe.ce@emc.com,Americas CS Theater,Mid-Atlantic CS Division,63000 CS Region
JA43U513,Connectrix,7927378,7927473,JOE CE,joe.ce@emc.com,,,CUSTOMER TWO,HOUSTON,TX,9/2/2011 0:00,Install,9/2/2014,4/1/2015,Entitled,9/7/2011 12:44,MDS-9124,DS-C9124-K9,53717 AM CS District,United States,3.3(5b),Install Base,3.3(5b),,joe.ce@emc.com,Americas CS Theater,Mid-Atlantic CS Division,63000 CS Region
MTX01540,Isilon,7927378,7927473,JOE CE,joe.ce@emc.com,,,CUSTOMER TWO,HOUSTON,TX,1/25/2012 0:00,Install,1/26/2015,1/25/2018,Not Entitled,,851-0167,851-0167-01,53717 AM CS District,United States,,InstallBase,,,joe.ce@emc.com,Americas CS Theater,Mid-Atlantic CS Division,63000 CS Region
MTX00268,Isilon,7927378,7927473,JOE CE,joe.ce@emc.com,,,CUSTOMER TWO,HOUSTON,TX,1/25/2012 0:00,Install,1/26/2015,1/25/2018,Not Entitled,,851-0167,851-0167-01,53717 AM CS District,United States,,InstallBase,,,joe.ce@emc.com,Americas CS Theater,Mid-Atlantic CS Division,63000 CS Region
SN6-0006,Isilon,7927378,7927473,JOE CE,joe.ce@emc.com,,,CUSTOMER TWO,HOUSTON,TX,11/29/2012 0:00,Install,1/12/2013,3/1/2015,Entitled,,861-0028,610-0007-01,53717 AM CS District,United States,7.0.1.10,InstallBase,7.0.1.10,,joe.ce@emc.com,Americas CS Theater,Mid-Atlantic CS Division,63000 CS Region
SN6-0011,Isilon,7927378,7927473,JOE CE,joe.ce@emc.com,,,CUSTOMER TWO,HOUSTON,TX,11/29/2012 0:00,Install,1/12/2013,3/1/2015,Entitled,,861-0028,610-0007-01,53717 AM CS District,United States,7.1.1.2,InstallBase,7.1.1.2,,joe.ce@emc.com,Americas CS Theater,Mid-Atlantic CS Division,63000 CS Region
SN6-0015,Isilon,7927378,7927473,JOE CE,joe.ce@emc.com,,,CUSTOMER TWO,HOUSTON,TX,11/29/2012 0:00,Install,1/12/2013,3/1/2015,Entitled,,861-0028,610-0007-01,53717 AM CS District,United States,7.1.1.2,InstallBase,7.1.1.2,,joe.ce@emc.com,Americas CS Theater,Mid-Atlantic CS Division,63000 CS Region
SX3-0061,Isilon,7927378,7927473,JOE CE,joe.ce@emc.com,,,CUSTOMER TWO,HOUSTON,TX,1/25/2012 0:00,Install,1/26/2015,12/31/2018,Not Entitled,,X200-SATA-S68,610-0001-02,53717 AM CS District,United States,7.0.1.10,InstallBase,7.0.1.10,,joe.ce@emc.com,Americas CS Theater,Mid-Atlantic CS Division,63000 CS Region
SX3-0062,Isilon,7927378,7927473,JOE CE,joe.ce@emc.com,,,CUSTOMER TWO,HOUSTON,TX,1/25/2012 0:00,Install,1/26/2015,12/31/2018,Not Entitled,,X200-SATA-S68,610-0001-02,53717 AM CS District,United States,,InstallBase,,,joe.ce@emc.com,Americas CS Theater,Mid-Atlantic CS Division,63000 CS Region
SX3-0063,Isilon,7927378,7927473,JOE CE,joe.ce@emc.com,,,CUSTOMER TWO,HOUSTON,TX,1/25/2012 0:00,Install,1/26/2015,12/31/2018,Not Entitled,,X200-SATA-S68,610-0001-02,53717 AM CS District,United States,7.0.1.10,InstallBase,7.0.1.10,,joe.ce@emc.com,Americas CS Theater,Mid-Atlantic CS Division,63000 CS Region
SX8-0202,Isilon,7927378,7927473,JOE CE,joe.ce@emc.com,,,CUSTOMER TWO,HOUSTON,TX,4/19/2014 12:00,Install,3/18/2014,2/17/2015,Entitled,,X200-SATA-S68,610-0001-04,53717 AM CS District,United States,7.0.1.10,InstallBase,7.0.1.10,,joe.ce@emc.com,Americas CS Theater,Mid-Atlantic CS Division,63000 CS Region
1.08E+20,ESRS,1930133,1930228,JOE CE,joe.ce@emc.com,,,CUSTOMER TWO,HOUSTON,TX,2/26/2013 11:45,Install,,,,,,054-000-121,53717 AM CS District,United States,,InstallBase,,,joe.ce@emc.com,Americas CS Theater,Mid-Atlantic CS Division,63000 CS Region
AP403058,CLARiiON,1930133,1930228,JOE CE,joe.ce@emc.com,,,CUSTOMER TWO,HOUSTON,TX,7/19/2009 5:00,Install,4/2/2014,4/1/2015,Entitled,1/22/2015 23:33,CX4-480C,900-566-002,53717 AM CS District,United States,04.30.000.5.525,ConnectHome,04.30.000.5.525,,joe.ce@emc.com,Americas CS Theater,Mid-Atlantic CS Division,63000 CS Region
AP405536,VNXe,1930133,1930228,JOE CE,joe.ce@emc.com,,,CUSTOMER TWO,HOUSTON,TX,1/30/2013 0:00,Install,7/8/2014,4/1/2015,Entitled,,V211S04A12PS,900-541-003,53717 AM CS District,United States,2.4.0.20932,InstallBase,2.4.0.20932,,joe.ce@emc.com,Americas CS Theater,Mid-Atlantic CS Division,63000 CS Region
AP800708,VNX,1930133,1930228,JOE CE,joe.ce@emc.com,,,CUSTOMER TWO,HOUSTON,TX,3/21/2012 1:00,Install,3/21/2012,3/20/2015,Entitled,,VNX5500DP15F,900-567-001,53717 AM CS District,United States,05.31.000.5.720,InstallBase,05.31.000.5.720,,joe.ce@emc.com,Americas CS Theater,Mid-Atlantic CS Division,63000 CS Region
JA09ADHP,Switch,1930133,1930228,JOE CE,joe.ce@emc.com,,,CUSTOMER TWO,HOUSTON,TX,9/20/2012 15:55,Install,9/18/2012,9/17/2013,Not Entitled,,MDS-9134,DS-C9134-K9,53717 AM CS District,United States,,,4.2(9),,joe.ce@emc.com,Americas CS Theater,Mid-Atlantic CS Division,63000 CS Region
JA09X793,Connectrix,1930133,1930228,JOE CE,joe.ce@emc.com,,,CUSTOMER TWO,HOUSTON,TX,4/13/2009 0:00,Install,4/13/2012,4/12/2013,Not Entitled,4/20/2009 22:28,MDS-9124,DS-C9124-K9,53717 AM CS District,United States,3.3(2),Install Base,3.3(2),,joe.ce@emc.com,Americas CS Theater,Mid-Atlantic CS Division,63000 CS Region
JA09X79Z,Connectrix,1930133,1930228,JOE CE,joe.ce@emc.com,,,CUSTOMER TWO,HOUSTON,TX,4/13/2009 0:00,Install,4/13/2012,4/12/2013,Not Entitled,4/20/2009 22:31,MDS-9124,DS-C9124-K9,53717 AM CS District,United States,3.3(2),Install Base,3.3(2),,joe.ce@emc.com,Americas CS Theater,Mid-Atlantic CS Division,63000 CS Region
JA90ADJT,Switch,1930133,1930228,JOE CE,joe.ce@emc.com,,,CUSTOMER TWO,HOUSTON,TX,9/20/2012 15:58,Install,,,,,MDS-9134,DS-C9134-K9,53717 AM CS District,United States,,,4.2(9),,joe.ce@emc.com,Americas CS Theater,Mid-Atlantic CS Division,63000 CS Region
JA09165Y,Connectrix,1930133,1930228,JOE CE,joe.ce@emc.com,,,CUSTOMER TWO,HOUSTON,TX,4/21/2010 6:00,Install,4/2/2014,4/1/2015,Entitled,10/3/2011 11:08,MDS-9124,DS-C9124-K9,53717 AM CS District,United States,4.2(7d),Install Base,4.2(7d),,joe.ce@emc.com,Americas CS Theater,Mid-Atlantic CS Division,63000 CS Region
JA09BAPD,Switch,1930133,1930228,JOE CE,joe.ce@emc.com,,,CUSTOMER TWO,HOUSTON,TX,9/20/2012 16:02,Install,,,,,MDS-9134,DS-C9134-K9,53717 AM CS District,United States,,,4.2(9),,joe.ce@emc.com,Americas CS Theater,Mid-Atlantic CS Division,63000 CS Region
9F331144,Data Domain,118860,118955,,,,,CUSTOMER TWO,HOUSTON,TX,1/8/2010 0:00,Install,7/1/2014,6/30/2015,Entitled,,DD610-6TB,P-DD610-6TB,53717 AM CS District,United States,5.2.6.0,InstallBase,5.2.6.0,,,Americas CS Theater,Mid-Atlantic CS Division,63000 CS Region
130C8F55,Avamar,13318807,13318902,JOE CE,joe.ce@emc.com,,,CUSTOMER TWO,HOUSTON,TX,8/26/2011 14:59,Install,,,,,456-100-309,900-580-003,53717 AM CS District,United States,6.0.1.66,InstallBase,6.0.1.66,,joe.ce@emc.com,Americas CS Theater,Mid-Atlantic CS Division,63000 CS Region
1F321189,Data Domain,13318807,13318902,JOE CE,joe.ce@emc.com,,,CUSTOMER TWO,HOUSTON,TX,6/28/2011 14:48,Install,7/1/2014,6/30/2015,Entitled,,DD610-3500G,P-DD610-3500G,53717 AM CS District,United States,5.2.6.0,InstallBase,5.2.6.0,,joe.ce@emc.com,Americas CS Theater,Mid-Atlantic CS Division,63000 CS Region
1F337266,Data Domain,13318807,13318902,JOE CE,joe.ce@emc.com,,,CUSTOMER TWO,HOUSTON,TX,5/14/2013 12:58,Install,7/1/2014,6/30/2015,Entitled,,DD610-6TB,P-DD610-6TB,53717 AM CS District,United States,5.2.6.0,InstallBase,5.2.6.0,,joe.ce@emc.com,Americas CS Theater,Mid-Atlantic CS Division,63000 CS Region
9F344366,Data Domain,13318807,13318902,JOE CE,joe.ce@emc.com,,,CUSTOMER TWO,HOUSTON,TX,1/8/2010 0:00,Install,7/1/2014,6/30/2015,Entitled,,DD610-3500G,P-DD610-3500G,53717 AM CS District,United States,5.2.6.0,InstallBase,5.2.6.0,,joe.ce@emc.com,Americas CS Theater,Mid-Atlantic CS Division,63000 CS Region
9F345472,Data Domain,13318807,13318902,JOE CE,joe.ce@emc.com,,,CUSTOMER TWO,HOUSTON,TX,1/8/2010 0:00,Install,7/1/2014,6/30/2015,Entitled,,DD610-3500G,P-DD610-3500G,53717 AM CS District,United States,5.2.6.0,InstallBase,5.2.6.0,,joe.ce@emc.com,Americas CS Theater,Mid-Atlantic CS Division,63000 CS Region
9F347921,Data Domain,13318807,13318902,JOE CE,joe.ce@emc.com,,,CUSTOMER TWO,HOUSTON,TX,1/8/2010 0:00,Install,7/1/2014,6/30/2015,Entitled,,DD610-3500G,P-DD610-3500G,53717 AM CS District,United States,5.2.6.0,InstallBase,5.2.6.0,,joe.ce@emc.com,Americas CS Theater,Mid-Atlantic CS Division,63000 CS Region
9F349179,Data Domain,13318807,13318902,JOE CE,joe.ce@emc.com,,,CUSTOMER TWO,HOUSTON,TX,1/8/2010 0:00,Install,7/1/2014,6/30/2015,Entitled,,DD610-6TB,P-DD610-6TB,53717 AM CS District,United States,5.2.6.0,InstallBase,5.2.6.0,,joe.ce@emc.com,Americas CS Theater,Mid-Atlantic CS Division,63000 CS Region
9F938764,Data Domain,13318807,13318902,JOE CE,joe.ce@emc.com,,,CUSTOMER TWO,HOUSTON,TX,12/15/2009 0:00,Install,12/15/2012,12/14/2013,Not Entitled,,DD690-CTL,P-DD690-CTL,53717 AM CS District,United States,5.1.1.4,InstallBase,5.1.1.4,,joe.ce@emc.com,Americas CS Theater,Mid-Atlantic CS Division,63000 CS Region
4009652,ESRS,12214059,12214154,,,,,CUSTOMER TWO,LEWISVILLE,TX,12/5/2012 0:00,Install,,,,,ESRS-GW-200,953-002-303,53714 AM CS District,United States,,InstallBase,,,,Americas CS Theater,Mid-Atlantic CS Division,63000 CS Region
5001519,RecoverPoint,12214059,12214154,,,,,CUSTOMER TWO,LEWISVILLE,TX,12/5/2012 0:00,Install,11/28/2012,11/27/2015,Entitled,,RPS-V55,100S-001830,53714 AM CS District,United States,3.5.2.0,InstallBase,3.5.2.0,,,Americas CS Theater,Mid-Atlantic CS Division,63000 CS Region
9F344434,Data Domain,12214059,12214154,,,,,CUSTOMER TWO,LEWISVILLE,TX,1/8/2010 0:00,Install,7/1/2014,6/30/2015,Entitled,,DD610-3500G,P-DD610-3500G,53714 AM CS District,United States,5.2.6.0,InstallBase,5.2.6.0,,,Americas CS Theater,Mid-Atlantic CS Division,63000 CS Region
AP400221,VNX,12214059,12214154,,,,,CUSTOMER TWO,LEWISVILLE,TX,9/30/2011 0:00,Install,8/31/2014,4/1/2015,Entitled,,VNX51D156015F,900-567-007,53714 AM CS District,United States,05.32.000.5.215,InstallBase,05.32.000.5.215,,,Americas CS Theater,Mid-Atlantic CS Division,63000 CS Region
FL000040,Data Domain,12214059,12214154,,,,,CUSTOMER TWO,LEWISVILLE,TX,9/29/2014 0:00,Install,10/9/2014,10/8/2017,Entitled,,DD2500-36TB,P-DD2500-36TB,53714 AM CS District,United States,,InstallBase,,,,Americas CS Theater,Mid-Atlantic CS Division,63000 CS Region
9F345478,Data Domain,9604647,9604742,,,,,CUSTOMER TWO,LONGVIEW,TX,1/11/2010 0:00,Install,7/1/2014,6/30/2015,Entitled,,DD610-3500G,P-DD610-3500G,53714 AM CS District,United States,5.2.6.0,InstallBase,5.2.6.0,,,Americas CS Theater,Mid-Atlantic CS Division,63000 CS Region
AP400478,VNX,9604647,9604742,,,,,CUSTOMER TWO,LONGVIEW,TX,12/29/2012 12:00,Install,9/30/2012,10/30/2015,Entitled,,VNX51D156015F,900-567-007,53714 AM CS District,United States,05.32.000.5.215,InstallBase,05.32.000.5.215,,,Americas CS Theater,Mid-Atlantic CS Division,63000 CS Region
FL000039,Data Domain,9604647,9604742,,,,,CUSTOMER TWO,LONGVIEW,TX,9/29/2014 0:00,Install,10/9/2014,10/8/2017,Entitled,,DD2500-36TB,P-DD2500-36TB,53714 AM CS District,United States,,InstallBase,,,,Americas CS Theater,Mid-Atlantic CS Division,63000 CS Region
1F505006,Data Domain,12212484,12212579,JOE CE,joe.ce@emc.com,,,CUSTOMER TWO,LUBBOCK,TX,8/4/2014 14:31,Install,7/1/2014,6/30/2015,Entitled,,DD610-3500G,P-X-1406-CHAS1,53711 AM CS District,United States,5.2.6.0,InstallBase,5.2.6.0,,joe.ce@emc.com,Americas CS Theater,Mid-Atlantic CS Division,63000 CS Region
AP400540,VNX,12212484,12212579,JOE CE,joe.ce@emc.com,,,CUSTOMER TWO,LUBBOCK,TX,7/26/2012 0:00,Install,7/26/2012,7/25/2015,Entitled,,VNX51D156015F,900-567-007,53711 AM CS District,United States,05.32.000.5.209,InstallBase,05.32.000.5.209,,joe.ce@emc.com,Americas CS Theater,Mid-Atlantic CS Division,63000 CS Region
FL000031,Data Domain,12212484,12212579,JOE CE,joe.ce@emc.com,,,CUSTOMER TWO,LUBBOCK,TX,9/29/2014 0:00,Install,10/8/2014,10/7/2017,Entitled,,DD2500-36TB,P-DD2500-36TB,53711 AM CS District,United States,,InstallBase,,,joe.ce@emc.com,Americas CS Theater,Mid-Atlantic CS Division,63000 CS Region
1F315364,Data Domain,1930190,1930285,,,,,CUSTOMER TWO,SAN ANTONIO,TX,5/12/2011 13:10,Install,7/1/2014,6/30/2015,Entitled,,DD610-3500G,P-DD610-3500G,53715 AM CS District,United States,5.2.6.0,InstallBase,5.2.6.0,,,Americas CS Theater,Mid-Atlantic CS Division,63000 CS Region
3F307028,Data Domain,1930152,1930247,,joe.ce@emc.com,,,CUSTOMER TWO,SAN ANTONIO,TX,4/12/2013 0:00,Install,7/1/2014,6/30/2015,Entitled,,DD610-3500G,P-DD610-3500G,53715 AM CS District,United States,5.1.1.4,InstallBase,5.1.1.4,,joe.ce@emc.com,Americas CS Theater,Mid-Atlantic CS Division,63000 CS Region
AP300745,VNX,1930152,1930247,,joe.ce@emc.com,,,CUSTOMER TWO,SAN ANTONIO,TX,12/1/2011 12:00,Install,12/1/2014,4/1/2015,Entitled,,VNX51D156015F,900-567-007,53715 AM CS District,United States,05.32.000.5.209,InstallBase,05.32.000.5.209,,joe.ce@emc.com,Americas CS Theater,Mid-Atlantic CS Division,63000 CS Region
2F332070,Data Domain,13333835,13333930,JOE CE,joe.ce@emc.com,,,CUSTOMER TWO,WEST JORDAN,UT,9/3/2014 11:26,Install,7/1/2014,6/30/2015,Entitled,,DD610-6TB,P-X-1406-CHAS1,52314 AM CS District,United States,5.2.6.0,InstallBase,5.2.6.0,,joe.ce@emc.com,Americas CS Theater,West CS Division,55000 CS Region
AP900830,VNX,13333835,13333930,JOE CE,joe.ce@emc.com,,,CUSTOMER TWO,WEST JORDAN,UT,12/3/2012 0:00,Install,9/29/2012,10/28/2015,Entitled,,VNX51D156015F,900-567-007,52314 AM CS District,United States,05.32.000.5.215,InstallBase,05.32.000.5.215,,joe.ce@emc.com,Americas CS Theater,West CS Division,55000 CS Region
9F343257,Data Domain,12224006,12224101,JOE CE,joe.ce@emc.com,,,CUSTOMER TWO,FRONT ROYAL,VA,1/12/2010 0:00,Install,7/1/2014,6/30/2015,Entitled,,DD610-3500G,P-DD610-3500G,53323 AM CS District,United States,5.2.6.0,InstallBase,5.2.6.0,,joe.ce@emc.com,Americas CS Theater,Mid-Atlantic CS Division,62000 CS Region
AP400007,CLARiiON,14337914,14338009,JOE CE,joe.ce@emc.com,,,CUSTOMER TWO,HARRISONBURG,VA,9/4/2014 0:00,Install,2/1/2014,4/1/2015,Entitled,,CX4-120C,900-566-008,53325 AM CS District,United States,04.30.000.5.526,InstallBase,04.30.000.5.526,,joe.ce@emc.com,Americas CS Theater,Mid-Atlantic CS Division,64000 CS Region
3F334050,Data Domain,12214061,12214156,JOE CE,joe.ce@emc.com,,,CUSTOMER TWO,HARRISONBURG,VA,10/9/2014 6:06,Install,7/1/2014,6/30/2015,Entitled,,DD610-3500G,P-X-1406-CHAS1,53325 AM CS District,United States,5.2.6.0,InstallBase,5.2.6.0,,joe.ce@emc.com,Americas CS Theater,Mid-Atlantic CS Division,64000 CS Region
9F346611,Data Domain,4374250,4374345,,,,,CUSTOMER TWO,SUFFOLK,VA,9/19/2014 22:22,Install,7/1/2014,6/30/2015,Entitled,,DD610-6TB,P-X-1406-CHAS1,53325 AM CS District,United States,5.2.6.0,InstallBase,5.2.6.0,,,Americas CS Theater,Mid-Atlantic CS Division,64000 CS Region
9F350590,Data Domain,4374250,4374345,,,,,CUSTOMER TWO,SUFFOLK,VA,1/8/2010 0:00,Install,7/1/2014,6/30/2015,Entitled,,DD610-3500G,P-DD610-3500G,53325 AM CS District,United States,5.2.6.0,InstallBase,5.2.6.0,,,Americas CS Theater,Mid-Atlantic CS Division,64000 CS Region
AP702357,VNX,4374250,4374345,,,,,CUSTOMER TWO,SUFFOLK,VA,8/12/2011 6:00,Install,6/7/2014,4/1/2015,Entitled,,VNX51D156015F,900-567-007,53325 AM CS District,United States,05.32.000.5.215,InstallBase,05.32.000.5.215,,,Americas CS Theater,Mid-Atlantic CS Division,64000 CS Region
3F322229,Data Domain,11777640,11777735,JOE CE,joe.ce@emc.com,,,CUSTOMER TWO,KENT,WA,10/15/2013 13:00,Install,7/1/2014,6/30/2015,Entitled,,DD610-3500G,P-DD610-3500G,52321 AM CS District,United States,5.2.6.0,InstallBase,5.2.6.0,,joe.ce@emc.com,Americas CS Theater,West CS Division,55000 CS Region
AP500923,CLARiiON,11777640,11777735,JOE CE,joe.ce@emc.com,,,CUSTOMER TWO,KENT,WA,9/4/2014 0:00,Install,2/1/2014,4/1/2015,Entitled,,CX4-120C,900-566-008,52321 AM CS District,United States,04.30.000.5.526,InstallBase,04.30.000.5.526,,joe.ce@emc.com,Americas CS Theater,West CS Division,55000 CS Region
3F323240,Data Domain,7669988,7670083,JOE CE,joe.ce@emc.com,,,CUSTOMER TWO,BARABOO,WI,10/10/2013 8:47,Install,7/1/2014,6/30/2015,Entitled,,DD610-6TB,P-DD610-6TB,52221 AM CS District,United States,5.2.6.0,InstallBase,5.2.6.0,,joe.ce@emc.com,Americas CS Theater,Midwest CS Division,53000 CS Region
AP103193,Celerra,7669988,7670083,JOE CE,joe.ce@emc.com,,,CUSTOMER TWO,BARABOO,WI,9/29/2008 1:00,Install - T&M,4/2/2014,7/31/2014,Not Entitled,,NS2-AUXFCR,100-520-623,52221 AM CS District,United States,03.26.010.5.032,InstallBase,03.26.010.5.032,,joe.ce@emc.com,Americas CS Theater,Midwest CS Division,53000 CS Region
AP103560,Celerra,7669988,7670083,JOE CE,joe.ce@emc.com,,,CUSTOMER TWO,BARABOO,WI,9/29/2008 6:00,Install - T&M,4/2/2014,7/31/2014,Not Entitled,8/27/2013 18:24,NS22C-A-FD,100-520-334,52221 AM CS District,United States,5.6.52.2,Config,5.6.52.2,,joe.ce@emc.com,Americas CS Theater,Midwest CS Division,53000 CS Region
3F329083,Data Domain,5085178,5085273,JOE CE,joe.ce@emc.com,,,CUSTOMER TWO,JACKSON,WI,8/16/2014 9:13,Install,7/1/2014,6/30/2015,Entitled,,DD610-3500G,P-X-1406-CHAS1,52221 AM CS District,United States,5.2.6.0,InstallBase,5.2.6.0,,joe.ce@emc.com,Americas CS Theater,Midwest CS Division,53000 CS Region
